1,八拜之交,指結拜為異姓兄弟姊妹的朋友,ㄅㄚ　ㄅㄞˋ　ㄓ　ㄐㄧㄠ,
2,拔刀相助,出面替人打抱不平,ㄅㄚˊ　ㄉㄠ　ㄒㄧㄤ　ㄓㄨˋ,
3,博學多聞,學問廣博，見識豐富,ㄅㄛˊ　ㄒㄩㄝˊ　ㄉㄨㄛ　ㄨㄣˊ,
4,百花齊放,各種花朵一起開放，繁華茂盛,ㄅㄞˇ　ㄏㄨㄚ　ㄑㄧˊ　ㄈㄤˋ,
5,百戰百勝,形容善於作戰，所向無敵,ㄅㄞˇ　ㄓㄢˋ　ㄅㄞˇ　ㄕㄥˋ,
6,班門弄斧,在行家面前賣弄本事，不自量力,ㄅㄢ　ㄇㄣˊ　ㄋㄨㄥˋ　ㄈㄨˇ,
7,半信半疑,表示又有點相信，又有點疑惑,ㄅㄢˋ　ㄒㄧㄣˋ　ㄅㄢˋ　ㄧˊ,
8,笨鳥先飛,能力差的人，往往比別人先動手,ㄅㄣˋ　ㄋㄧㄠˇ　ㄒㄧㄢ　ㄈㄟ,
9,賓至如歸,主人招待周到親切，客人感到滿意,ㄅㄧㄣ　ㄓˋ　ㄖㄨˊ　ㄍㄨㄟ,
10,不毛之地,指堅硬瘠薄、不適種植五穀的土地,ㄅㄨˋ　ㄇㄠˊ　ㄓ　ㄉㄧˋ,
11,不得要領,指無法掌握要點或主旨,ㄅㄨˋ　ㄉㄜˊ　ㄧㄠˋ　ㄌㄧㄥˇ,
12,不同凡響,比喻特出、不平凡的人或事物,ㄅㄨˋ　ㄊㄨㄥˊ　ㄈㄢˊ　ㄒㄧㄤˇ,
13,不苟言笑,指不隨便談笑，態度嚴肅,ㄅㄨˋ　ㄍㄡˇ　ㄧㄢˊ　ㄒㄧㄠˋ,
14,不可思議,出乎常情，令人無法想像難理解,ㄅㄨˋ　ㄎㄜˇ　ㄙ　ㄧˋ,
15,不屈不撓,指意志堅毅，不肯屈服,ㄅㄨˋ　ㄑㄩ　ㄅㄨˋ　ㄋㄠˊ,
16,不二法門,比喻唯一的方法或途徑,ㄅㄨˊ　ㄦˋ　ㄈㄚˇ　ㄇㄣˊ,
17,匹夫之勇,指個人逞血氣之勇，人有勇無謀,ㄆㄧˇ　ㄈㄨ　ㄓ　ㄩㄥˇ,
18,披星戴月,早出晚歸、連夜趕路或工作極勞累,ㄆㄧ　ㄒㄧㄥ　ㄉㄞˋ　ㄩㄝˋ,
19,平分秋色,形容二者一樣出色，分不出高下,ㄆㄧㄥˊ　ㄈㄣ　ㄑㄧㄡ　ㄙㄜˋ,
20,平易近人,形容態度和藹親切，容易接近,ㄆㄧㄥˊ　ㄧˋ　ㄐㄧㄣˋ　ㄖㄣˊ,
21,萍水相逢,兩個人不相識，機緣巧合偶然相逢,ㄆㄧㄥˊ　ㄕㄨㄟˇ　ㄒㄧㄤ　ㄈㄥˊ,
22,滿面春風,滿臉笑容，心情喜悅、得意的情狀,ㄇㄢˇ　ㄇㄧㄢˋ　ㄔㄨㄣ　ㄈㄥ,
23,漫山遍野,形容數目眾多，到處都是,ㄇㄢˋ　ㄕㄢ　ㄅㄧㄢˋ　ㄧㄝˇ,
24,門庭若市,比喻上門來的人很多,ㄇㄣˊ　ㄊㄧㄥˊ　ㄖㄨㄛˋ　ㄕˋ,
25,門可羅雀,指一般來客稀少、門庭冷清的景況,ㄇㄣˊ　ㄎㄜˇ　ㄌㄨㄛˊ　ㄑㄩㄝˋ,
26,知己知彼,正確澈底地了解自己及對手的實力,ㄓ　ㄐㄧˇ　ㄓ　ㄅㄧˇ,
27,盲人摸象,比喻以偏概全，不能了解真相,ㄇㄤˊ　ㄖㄣˊ　ㄇㄛ　ㄒㄧㄤˋ,
28,目不暇給,眼前美好事物太多、景物變化太快,ㄇㄨˋ　ㄅㄨˋ　ㄒㄧㄚˊ　ㄐㄧˇ,
29,返老還童,年紀大，卻像年輕人一樣精力充沛,ㄈㄢˇ　ㄌㄠˇ　ㄏㄨㄢˊ　ㄊㄨㄥˊ,
30,分工合作,相互間保持密切的聯絡，共同完成事情,ㄈㄣ　ㄍㄨㄥ　ㄏㄜˊ　ㄗㄨㄛˋ,
31,方興未艾,比喻事態正在蓬勃發展,ㄈㄤ　ㄒㄧㄥ　ㄨㄟˋ　ㄞˋ,
32,風調雨順,形容豐年安樂，天下太平的景象,ㄈㄥ　ㄊㄧㄠˊ　ㄩˇ　ㄕㄨㄣˋ,
33,風雨交加,亦比喻多種災難同時發生,ㄈㄥ　ㄩˇ　ㄐㄧㄠ　ㄐㄧㄚ,
34,風雨無阻,比喻決心堅定,ㄈㄥ　ㄩˇ　ㄨˊ　ㄗㄨˇ,
35,大名鼎鼎,形容人的名氣聲望很大,ㄉㄚˋ　ㄇㄧㄥˊ　ㄉㄧㄥˇ　ㄉㄧㄥˇ,
36,大腹便便,大肚子顯得肥胖而凸出的樣子,ㄉㄚˋ　ㄈㄨˋ　ㄆㄧㄢˊ　ㄆㄧㄢˊ,
37,大同小異,形容事物略有差異，但大體相同,ㄉㄚˋ　ㄊㄨㄥˊ　ㄒㄧㄠˇ　ㄧˋ,
38,大好河山,指美麗的國土,ㄉㄚˋ　ㄏㄠˇ　ㄏㄜˊ　ㄕㄢ,
39,大驚失色,形容十分驚嚇，以致變了臉色,ㄉㄚˋ　ㄐㄧㄥ　ㄕ　ㄙㄜˋ,
40,大千世界,比喻廣闊無邊、千奇百怪的世界,ㄉㄚˋ　ㄑㄧㄢ　ㄕˋ　ㄐㄧㄝˋ,
41,大智若愚,具有高智慧的人，表面上看起來似乎愚笨,ㄉㄚˋ　ㄓˋ　ㄖㄨㄛˋ　ㄩˊ,
42,得寸進尺,得到一些利益，即想進而獲得更多利益,ㄉㄜˊ　ㄘㄨㄣˋ　ㄐㄧㄣˋ　ㄔˇ,
43,得意洋洋,形容十分得意的樣子,ㄉㄜˊ　ㄧˋ　ㄧㄤˊ　ㄧㄤˊ,
44,得意忘形,形容人高興過頭，舉止失去常態,ㄉㄜˊ　ㄧˋ　ㄨㄤˋ　ㄒㄧㄥˊ,
45,呆若木雞,形容愚笨或受驚嚇而發愣的樣子,ㄉㄞ　ㄖㄨㄛˋ　ㄇㄨˋ　ㄐㄧ,
46,喋喋不休,形容話多，沒完沒了,ㄉㄧㄝˊ　ㄉㄧㄝˊ　ㄅㄨˋ　ㄒㄧㄡ,
47,對牛彈琴,比喻講話、做事不看對象,ㄉㄨㄟˋ　ㄋㄧㄡˊ　ㄊㄢˊ　ㄑㄧㄣˊ,
48,斷垣殘壁,形容建築物倒塌殘破的景象,ㄉㄨㄢˋ　ㄩㄢˊ　ㄘㄢˊ　ㄅㄧˋ,
49,東張西望,四周探望,ㄉㄨㄥ　ㄓㄤ　ㄒㄧ　ㄨㄤˋ,
50,滔滔不絕,形容說話連續不斷,ㄊㄠ　ㄊㄠ　ㄅㄨˋ　ㄐㄩㄝˊ,
51,偷天換日,比喻騙局之大與技巧之妙,ㄊㄡ　ㄊㄧㄢ　ㄏㄨㄢˋ　ㄖˋ,
52,鐵面無私,公正嚴明而不偏私,ㄊㄧㄝˇ　ㄇㄧㄢˋ　ㄨˊ　ㄙ,
53,神出鬼沒,形容出沒無常，變化莫測,ㄕㄣˊ　ㄔㄨ　ㄍㄨㄟˇ　ㄇㄛˋ,
54,鐵石心腸,人剛強而不為感情所動的秉性,ㄊㄧㄝˇ　ㄕˊ　ㄒㄧㄣ　ㄔㄤˊ,
55,天花亂墜,說話動聽，但多浮誇不切實際,ㄊㄧㄢ　ㄏㄨㄚ　ㄌㄨㄢˋ　ㄓㄨㄟˋ,
56,天真爛漫,形容性情率真，毫不假飾,ㄊㄧㄢ　ㄓㄣ　ㄌㄢˋ　ㄇㄢˋ,
57,突飛猛進,比喻發展進步得很快,ㄊㄨˊ　ㄈㄟ　ㄇㄥˇ　ㄐㄧㄣˋ,
58,同甘共苦,同歡樂，共患難,ㄊㄨㄥˊ　ㄍㄢ　ㄍㄨㄥˋ　ㄎㄨˇ,
59,同心協力,團結一致，共同努力,ㄊㄨㄥˊ　ㄒㄧㄣ　ㄒㄧㄝˊ　ㄌㄧˋ,
60,惱羞成怒,因羞愧到極點而惱恨發怒,ㄋㄠˇ　ㄒㄧㄡ　ㄔㄥˊ　ㄋㄨˋ,
61,鳥語花香,形容景色的美好,ㄋㄧㄠˇ　ㄩˇ　ㄏㄨㄚ　ㄒㄧㄤ,
62,牛刀小試,比喻有大才能，在小事上施展,ㄋㄧㄡˊ　ㄉㄠ　ㄒㄧㄠˇ　ㄕˋ,
63,狼狽為奸,比喻互相勾結做壞事,ㄌㄤˊ　ㄅㄟˋ　ㄨㄟˊ　ㄐㄧㄢ,
64,離群索居,離開群體，獨自生活,ㄌㄧˊ　ㄑㄩㄣˊ　ㄙㄨㄛˇ　ㄐㄩ,
65,離鄉背井,指離開故鄉，在外地生活,ㄌㄧˊ　ㄒㄧㄤ　ㄅㄟˋ　ㄐㄧㄥˇ,
66,力不從心,心裡想做某事，力量卻無法達到,ㄌㄧˋ　ㄅㄨˋ　ㄘㄨㄥˊ　ㄒㄧㄣ,
67,力爭上流,比喻努力奮鬥，求取上進,ㄌㄧˋ　ㄓㄥ　ㄕㄤˋ　ㄌㄧㄡˊ,
68,厲兵秣馬,比喻完成事前準備工作,ㄌㄧˋ　ㄅㄧㄥ　ㄇㄛˋ　ㄇㄚˇ,
69,歷歷在目,清楚明白地呈現在眼前,ㄌㄧˋ　ㄌㄧˋ　ㄗㄞˋ　ㄇㄨˋ,
70,梁上君子,竊賊的代稱,ㄌㄧㄤˊ　ㄕㄤˋ　ㄐㄩㄣ　ㄗˇ,
71,伶牙俐齒,形容人口才好，能言善道,ㄌㄧㄥˊ　ㄧㄚˊ　ㄌㄧˋ　ㄔˇ,
72,落落大方,舉止自然坦率，毫無矯揉造作,ㄌㄨㄛˋ　ㄌㄨㄛˋ　ㄉㄚˋ　ㄈㄤ,
73,落荒而逃,無暇擇道，倉皇逃走,ㄌㄨㄛˋ　ㄏㄨㄤ　ㄦˊ　ㄊㄠˊ,
74,高官厚祿,高貴的官位，優厚的俸祿,ㄍㄠ　ㄍㄨㄢ　ㄏㄡˋ　ㄌㄨˋ,
75,高枕無憂,形容身心安適，無憂無慮,ㄍㄠ　ㄓㄣˇ　ㄨˊ　ㄧㄡ,
76,孤陋寡聞,形容學識淺薄，見聞不廣,ㄍㄨ　ㄌㄡˋ　ㄍㄨㄚˇ　ㄨㄣˊ,
77,顧小失大,因貪圖小利而造成重大損失,ㄍㄨˋ　ㄒㄧㄠˇ　ㄕ　ㄉㄚˋ,
78,鬼斧神工,技藝精巧，達到鬼神靈妙的境界,ㄍㄨㄟˇ　ㄈㄨˇ　ㄕㄣˊ　ㄍㄨㄥ,
79,層出不窮,形容接連出現，沒有止盡,ㄘㄥˊ　ㄔㄨ　ㄅㄨˋ　ㄑㄩㄥˊ,
80,粗茶淡飯,簡單清淡的飲食,ㄘㄨ　ㄔㄚˊ　ㄉㄢˋ　ㄈㄢˋ,
81,死氣沉沉,氣氛沉悶，也意志消沉，毫無生氣,ㄙˇ　ㄑㄧˋ　ㄔㄣˊ　ㄔㄣˊ,
82,四分五裂,形容分散而不完整、不團結,ㄙˋ　ㄈㄣ　ㄨˇ　ㄌㄧㄝˋ,
83,四通八達,四方相通的道路，亦用於對事明理,ㄙˋ　ㄊㄨㄥ　ㄅㄚ　ㄉㄚˊ,
84,公正無私,謂秉公處理，毫無偏私,ㄍㄨㄥ　ㄓㄥˋ　ㄨˊ　ㄙ,
85,供不應求,供給不能滿足需求,ㄍㄨㄥ　ㄅㄨˋ　ㄧㄥˋ　ㄑㄧㄡˊ,
86,口是心非,指心裡想的和嘴上說的不一致,ㄎㄡˇ　ㄕˋ　ㄒㄧㄣ　ㄈㄟ,
87,康莊大道,比喻光明的前途,ㄎㄤ　ㄓㄨㄤ　ㄉㄚˋ　ㄉㄠˋ,
88,苦口婆心,以懇切真摯的態度，竭力勸告他人,ㄎㄨˇ　ㄎㄡˇ　ㄆㄛˊ　ㄒㄧㄣ,
89,苦盡甘來,艱苦的困境已經結束，轉而進入佳境,ㄎㄨˇ　ㄐㄧㄣˋ　ㄍㄢ　ㄌㄞˊ,
90,寬宏大量,度量寬大,ㄎㄨㄢ　ㄏㄨㄥˊ　ㄉㄚˋ　ㄌㄧㄤˋ,
91,海市蜃樓,比喻虛幻的事物,ㄏㄞˇ　ㄕˋ　ㄕㄣˋ　ㄌㄡˊ,
92,呼風喚雨,比喻人神通廣大、影響力深遠,ㄏㄨ　ㄈㄥ　ㄏㄨㄢˋ　ㄩˇ,
93,狐假虎威,藉著有權者的威勢欺壓他人,ㄏㄨˊ　ㄐㄧㄚˇ　ㄏㄨˇ　ㄨㄟ,
94,湖光山色,形容美好的自然風景,ㄏㄨˊ　ㄍㄨㄤ　ㄕㄢ　ㄙㄜˋ,
95,虎頭蛇尾,比喻做事有始無終,ㄏㄨˇ　ㄊㄡˊ　ㄕㄜˊ　ㄨㄟˇ,
96,虎視眈眈,比喻心懷不軌,ㄏㄨˇ　ㄕˋ　ㄉㄢ　ㄉㄢ,
97,花花世界,形容形色不同的世界,ㄏㄨㄚ　ㄏㄨㄚ　ㄕˋ　ㄐㄧㄝˋ,
98,畫蛇添足,比喻多此一舉，反將事情弄糟,ㄏㄨㄚˋ　ㄕㄜˊ　ㄊㄧㄢ　ㄗㄨˊ,
99,火樹銀花,形容燈火通明燦爛的景象,ㄏㄨㄛˇ　ㄕㄨˋ　ㄧㄣˊ　ㄏㄨㄚ,
100,回味無窮,事後細細玩味、越想越有意思,ㄏㄨㄟˊ　ㄨㄟˋ　ㄨˊ　ㄑㄩㄥˊ,
101,九牛一毛,比喻極大數量中的一小部分,ㄐㄧㄡˇ　ㄋㄧㄡˊ　ㄧˋ　ㄇㄠˊ,
102,見義勇為,看到合乎正義的事，就奮勇去做,ㄐㄧㄢˋ　ㄧˋ　ㄩㄥˇ　ㄨㄟˊ,
103,津津有味,形容食慾盎然或食物的美味,ㄐㄧㄣ　ㄐㄧㄣ　ㄧㄡˇ　ㄨㄟˋ,
104,將計就計,利用對方計策，順水推舟反施其計,ㄐㄧㄤ　ㄐㄧˋ　ㄐㄧㄡˋ　ㄐㄧˋ,
105,將心比心,以自己的立場去體會他人的心意,ㄐㄧㄤ　ㄒㄧㄣ　ㄅㄧˇ　ㄒㄧㄣ,
106,井底之蛙,比喻見識淺薄的人,ㄐㄧㄥˇ　ㄉㄧˇ　ㄓ　ㄨㄚ,
107,井然有序,形容整齊有序，條理分明,ㄐㄧㄥˇ　ㄖㄢˊ　ㄧㄡˇ　ㄒㄩˋ,
108,鏡花水月,比喻虛幻不實在,ㄐㄧㄥˋ　ㄏㄨㄚ　ㄕㄨㄟˇ　ㄩㄝˋ,
109,舉世聞名,名氣極大，全世界的人都知道,ㄐㄩˇ　ㄕˋ　ㄨㄣˊ　ㄇㄧㄥˊ,
110,聚精會神,形容專心致志，精神集中,ㄐㄩˋ　ㄐㄧㄥ　ㄏㄨㄟˋ　ㄕㄣˊ,
111,一落千丈,成績、地位、景況或聲望急遽下降,ㄧˊ　ㄌㄨㄛˋ　ㄑㄧㄢ　ㄓㄤˋ,
112,七手八腳,形容人多動作紛亂又沒條理,ㄑㄧ　ㄕㄡˇ　ㄅㄚ　ㄐㄧㄠˇ,
113,七上八下,形容心情起伏不定、忐忑不安,ㄑㄧ　ㄕㄤˋ　ㄅㄚ　ㄒㄧㄚˋ,
114,奇花異草,珍奇的花草,ㄑㄧˊ　ㄏㄨㄚ　ㄧˋ　ㄘㄠˇ,
115,旗鼓相當,指兩方軍隊陣容、聲勢不相上下,ㄑㄧˊ　ㄍㄨˇ　ㄒㄧㄤ　ㄉㄤ,
116,杞人憂天,比喻缺乏根據且不必要的憂慮,ㄑㄧˇ　ㄖㄣˊ　ㄧㄡ　ㄊㄧㄢ,
117,秋高氣爽,深秋天空清朗，氣候涼爽,ㄑㄧㄡ　ㄍㄠ　ㄑㄧˋ　ㄕㄨㄤˇ,
118,千方百計,費盡心機，想盡一切辦法、計謀,ㄑㄧㄢ　ㄈㄤ　ㄅㄞˇ　ㄐㄧˋ,
119,千呼萬喚,頻頻呼喚，再三催促,ㄑㄧㄢ　ㄏㄨ　ㄨㄢˋ　ㄏㄨㄢˋ,
120,千金一諾,形容信守承諾，說話算數,ㄑㄧㄢ　ㄐㄧㄣ　ㄧˊ　ㄋㄨㄛˋ,
121,千言萬語,形容要說的話極多,ㄑㄧㄢ　ㄧㄢˊ　ㄨㄢˋ　ㄩˇ,
122,傾盆大雨,形容雨大且急,ㄑㄧㄥ　ㄆㄣˊ　ㄉㄚˋ　ㄩˇ,
123,情不自禁,感情激動得無法自我控制,ㄑㄧㄥˊ　ㄅㄨˊ　ㄗˋ　ㄐㄧㄣ,
124,喜從天降,突然遇到意想不到的喜事而心中歡喜,ㄒㄧˇ　ㄘㄨㄥˊ　ㄊㄧㄢ　ㄐㄧㄤˋ,
125,小心翼翼,形容舉止十分謹慎，不敢懈怠疏忽,ㄒㄧㄠˇ　ㄒㄧㄣ　ㄧˋ　ㄧˋ,
126,小時了了,人在幼年時聰慧敏捷,ㄒㄧㄠˇ　ㄕˊ　ㄌㄧㄠˇ　ㄌㄧㄠˇ,
127,笑容滿面,神情愉悅、充滿笑容的樣子,ㄒㄧㄠˋ　ㄖㄨㄥˊ　ㄇㄢˇ　ㄇㄧㄢˋ,
128,笑容可掬,形容笑容滿面的樣子,ㄒㄧㄠˋ　ㄖㄨㄥˊ　ㄎㄜˇ　ㄐㄩˊ,
129,心不在焉,心不在其位比喻心思不集中,ㄒㄧㄣ　ㄅㄨˊ　ㄗㄞˋ　ㄧㄢ,
130,心平氣和,心氣平和，不急不怒,ㄒㄧㄣ　ㄆㄧㄥˊ　ㄑㄧˋ　ㄏㄜˊ,
131,心花怒放,形容心情極其快活,ㄒㄧㄣ　ㄏㄨㄚ　ㄋㄨˋ　ㄈㄤˋ,
132,心慌意亂,心中慌亂無主,ㄒㄧㄣ　ㄏㄨㄤ　ㄧˋ　ㄌㄨㄢˋ,
133,心驚肉跳,形容恐懼不安，心神不寧,ㄒㄧㄣ　ㄐㄧㄥ　ㄖㄡˋ　ㄊㄧㄠˋ,
134,心直口快,性情直率，說話不隱諱,ㄒㄧㄣ　ㄓˊ　ㄎㄡˇ　ㄎㄨㄞˋ,
135,心如刀割,謂內心痛苦，像被刀割一樣,ㄒㄧㄣ　ㄖㄨˊ　ㄉㄠ　ㄍㄜ,
136,心安理得,心中坦然無愧咎，則行事合情合理,ㄒㄧㄣ　ㄢ　ㄌㄧˇ　ㄉㄜˊ,
137,相貌堂堂,儀表壯偉,ㄒㄧㄤˋ　ㄇㄠˋ　ㄊㄤˊ　ㄊㄤˊ,
138,行雲流水,比喻平淡自然的事物,ㄒㄧㄥˊ　ㄩㄣˊ　ㄌㄧㄡˊ　ㄕㄨㄟˇ,
139,雪中送炭,人艱困危急之時，給予適時的援助,ㄒㄩㄝˇ　ㄓㄨㄥ　ㄙㄨㄥˋ　ㄊㄢˋ,
140,尋幽訪勝,尋找訪求景色清雅的地方,ㄒㄩㄣˊ　ㄧㄡ　ㄈㄤˇ　ㄕㄥˋ,
141,執迷不悟,堅持錯誤的觀念而不醒悟,ㄓˊ　ㄇㄧˊ　ㄅㄨˊ　ㄨˋ,
142,紙上談兵,比喻不切實際的議論,ㄓˇ　ㄕㄤˋ　ㄊㄢˊ　ㄅㄧㄥ,
143,爭先恐後,指競相爭先，惟恐落後,ㄓㄥ　ㄒㄧㄢ　ㄎㄨㄥˇ　ㄏㄡˋ,
144,正中下懷,恰好符合自己的心意,ㄓㄥˋ　ㄓㄨㄥˋ　ㄒㄧㄚˋ　ㄏㄨㄞˊ,
145,壯志凌雲,形容志氣高遠,ㄓㄨㄤˋ　ㄓˋ　ㄌㄧㄥˊ　ㄩㄣˊ,
146,持之以恆,有恆心的堅持到底,ㄔˊ　ㄓ　ㄧˇ　ㄏㄥˊ,
147,赤子之心,比喻純潔、善良的心地,ㄔˋ　ㄗˇ　ㄓ　ㄒㄧㄣ,
148,奼紫嫣紅,形容花開得鮮豔嬌美,ㄔㄚˋ　ㄗˇ　ㄧㄢ　ㄏㄨㄥˊ,
149,朝三暮四,比喻人心意不定、反覆無常,ㄓㄠ　ㄙㄢ　ㄇㄨˋ　ㄙˋ,
150,長年累月,極言很長的一段時間,ㄔㄤˊ　ㄋㄧㄢˊ　ㄌㄟˇ　ㄩㄝˋ,
151,乘風破浪,比喻人志向遠大，不畏艱難，奮勇前進,ㄔㄥˊ　ㄈㄥ　ㄆㄛˋ　ㄌㄤˋ,
152,出口成章,比喻才思敏捷，談吐風雅,ㄔㄨ　ㄎㄡˇ　ㄔㄥˊ　ㄓㄤ,
153,出神入化,文藝、工藝等之技巧達到至高絕妙的境界,ㄔㄨ　ㄕㄣˊ　ㄖㄨˋ　ㄏㄨㄚˋ,
154,春風化雨,比喻師長和藹親切的教導,ㄔㄨㄣ　ㄈㄥ　ㄏㄨㄚˋ　ㄩˇ,
155,春花秋月,比喻美好的時光與景物,ㄔㄨㄣ　ㄏㄨㄚ　ㄑㄧㄡ　ㄩㄝˋ,
156,窗明几淨,形容居室明亮潔淨,ㄔㄨㄤ　ㄇㄧㄥˊ　ㄐㄧˇ　ㄐㄧㄥˋ,
157,崇山峻嶺,高大陡峭的山嶺,ㄔㄨㄥˊ　ㄕㄢ　ㄐㄩㄣˋ　ㄌㄧㄥˇ,
158,十面埋伏,形容被敵軍層層包圍,ㄕˊ　ㄇㄧㄢˋ　ㄇㄞˊ　ㄈㄨˊ,
159,世外桃源,比喻風景優美，心目中理想的世界,ㄕˋ　ㄨㄞˋ　ㄊㄠˊ　ㄩㄢˊ,
160,事半功倍,費力少而收效大，比喻工作效率高,ㄕˋ　ㄅㄢˋ　ㄍㄨㄥ　ㄅㄟˋ,
161,殺雞取卵,貪圖眼前的好處而斷絕了長遠利益,ㄕㄚ　ㄐㄧ　ㄑㄩˇ　ㄌㄨㄢˇ,
162,手忙腳亂,形容十分忙碌的樣子,ㄕㄡˇ　ㄇㄤˊ　ㄐㄧㄠˇ　ㄌㄨㄢˋ,
163,手舞足蹈,揮手舉足，舞動跳躍,ㄕㄡˇ　ㄨˇ　ㄗㄨˊ　ㄉㄠˋ,
164,神采奕奕,形容人精神飽滿，容光煥發,ㄕㄣˊ　ㄘㄞˇ　ㄧˋ　ㄧˋ,
165,上下其手,形容帶有邪念，不禮貌地觸摸他人身體,ㄕㄤˋ　ㄒㄧㄚˋ　ㄑㄧˊ　ㄕㄡˇ,
166,上行下效,在上位的人怎麼做，下面的人就起而效法,ㄕㄤˋ　ㄒㄧㄥˊ　ㄒㄧㄚˋ　ㄒㄧㄠˋ,
167,生花妙筆,比喻文筆美妙，寫作能力極佳,ㄕㄥ　ㄏㄨㄚ　ㄇㄧㄠˋ　ㄅㄧˇ,
168,生意盎然,形容充滿生機，生命力旺盛,ㄕㄥ　ㄧˋ　ㄤˋ　ㄖㄢˊ,
169,水滴石穿,比喻小問題日積月累也會成為大問題,ㄕㄨㄟˇ　ㄉㄧ　ㄕˊ　ㄔㄨㄢ,
170,日新月異,形容發展或進步快速，不斷出現新事物,ㄖˋ　ㄒㄧㄣ　ㄩㄝˋ　ㄧˋ,
171,日月如梭,形容時光迅速消逝,ㄖˋ　ㄩㄝˋ　ㄖㄨˊ　ㄙㄨㄛ,
172,人面獸心,形容人凶狠殘暴，如野獸一般,ㄖㄣˊ　ㄇㄧㄢˋ　ㄕㄡˋ　ㄒㄧㄣ,
173,人定勝天,人的智慧和力量，能克服自然阻礙,ㄖㄣˊ　ㄉㄧㄥˋ　ㄕㄥˋ　ㄊㄧㄢ,
174,人情世故,為人處世應對進退的方法,ㄖㄣˊ　ㄑㄧㄥˊ　ㄕˋ　ㄍㄨˋ,
175,人云亦云,沒有獨自的見解，只會盲從跟隨,ㄖㄣˊ　ㄩㄣˊ　ㄧˋ　ㄩㄣˊ,
176,如花似玉,比喻女子美麗動人,ㄖㄨˊ　ㄏㄨㄚ　ㄙˋ　ㄩˋ,
177,如日中天,事物正發展到十分興盛的地步,ㄖㄨˊ　ㄖˋ　ㄓㄨㄥ　ㄊㄧㄢ,
178,如魚得水,比喻得到適合於自己發展的環境,ㄖㄨˊ　ㄩˊ　ㄉㄜˊ　ㄕㄨㄟˇ,
179,如願以償,指心願得以實現,ㄖㄨˊ　ㄩㄢˋ　ㄧˇ　ㄔㄤˊ,
180,入木三分,指墨跡深透木板三分，形容筆力遒勁,ㄖㄨˋ　ㄇㄨˋ　ㄙㄢ　ㄈㄣ,
181,容光煥發,形容人精神飽滿，生氣蓬勃,ㄖㄨㄥˊ　ㄍㄨㄤ　ㄏㄨㄢˋ　ㄈㄚ,
182,孜孜不倦,指勤勉而不知疲倦,ㄗ　ㄗ　ㄅㄨˊ　ㄐㄩㄢˋ,
183,自暴自棄,自甘墮落，不求上進,ㄗˋ　ㄅㄠˋ　ㄗˋ　ㄑㄧˋ,
184,自相矛盾,言語或行事前後無法呼應互相牴觸,ㄗˋ　ㄒㄧㄤ　ㄇㄠˊ　ㄉㄨㄣˋ,
185,自知之明,能清楚的了解自身的能力、優缺點,ㄗˋ　ㄓ　ㄓ　ㄇㄧㄥˊ,
186,才高八斗,比喻才學極高,ㄘㄞˊ　ㄍㄠ　ㄅㄚ　ㄉㄡˇ,
187,三頭六臂,比喻人本領大，力強可畏,ㄙㄢ　ㄊㄡˊ　ㄌㄧㄡˋ　ㄅㄧˋ,
188,三教九流,指社會上各種行業或各色人物,ㄙㄢ　ㄐㄧㄠˋ　ㄐㄧㄡˇ　ㄌㄧㄡˊ,
189,三寸之舌,形容人口才極佳，能言善道,ㄙㄢ　ㄘㄨㄣˋ　ㄓ　ㄕㄜˊ,
190,三思而行,再三考慮，然後行動比喻謹慎行事,ㄙㄢ　ㄙ　ㄦˊ　ㄒㄧㄥˊ,
191,安分守己,安於本分，謹守其身,ㄢ　ㄈㄣˋ　ㄕㄡˇ　ㄐㄧˇ,
192,一敗塗地,形容做事失敗，到了無法收拾的地步,ㄧˊ　ㄅㄞˋ　ㄊㄨˊ　ㄉㄧˋ,
193,以德報怨,不記仇恨，反以恩德回報他人,ㄧˇ　ㄉㄜˊ　ㄅㄠˋ　ㄩㄢˋ,
194,一團和氣,一片祥和的氣氛、態度和藹可親,ㄧˋ　ㄊㄨㄢˊ　ㄏㄜˊ　ㄑㄧˋ,
195,一板一眼,比喻人言行謹守法規，有條有理,ㄧˋ　ㄅㄢˇ　ㄧˋ　ㄧㄢˇ,
196,一波三折,比喻事情進行得曲折不順,ㄧˋ　ㄅㄛ　ㄙㄢ　ㄓㄜˊ,
197,一盤散沙,比喻人心渙散，不能團結起來,ㄧˋ　ㄆㄢˊ　ㄙㄢˇ　ㄕㄚ,
198,一貧如洗,形容非常貧窮，一無所有,ㄧˋ　ㄆㄧㄣˊ　ㄖㄨˊ　ㄒㄧˇ,
199,一毛不拔,比喻自私自利，不肯貢獻出些微的力量,ㄧˋ　ㄇㄠˊ　ㄅㄨˋ　ㄅㄚˊ,
200,一目了然,看一眼就完全清楚明白,ㄧˊ　ㄇㄨˋ　ㄌㄧㄠˇ　ㄖㄢˊ,
201,一目十行,形容閱讀速度的快速,ㄧˊ　ㄇㄨˋ　ㄕˊ　ㄏㄤˊ,
202,一帆風順,比喻非常順利，毫無阻礙,ㄧˋ　ㄈㄢˊ　ㄈㄥ　ㄕㄨㄣˋ,
203,一丁不識,比喻不識字或毫無學問,ㄧˋ　ㄉㄧㄥ　ㄅㄨˊ　ㄕˋ,
204,一念之差,一個念頭的差錯,ㄧˊ　ㄋㄧㄢˋ　ㄓ　ㄔㄚ,
205,一勞永逸,經過一次的勞苦，能獲得永久的安逸,ㄧˋ　ㄌㄠˊ　ㄩㄥˇ　ㄧˋ,
206,一刻千金,比喻時間極為珍貴,ㄧˊ　ㄎㄜˋ　ㄑㄧㄢ　ㄐㄧㄣ,
207,一揮而就,形容在書畫作文方面的敏捷高超,ㄧˋ　ㄏㄨㄟ　ㄦˊ　ㄐㄧㄡˋ,
208,一介不取,形容人的操守非常清廉,ㄧˊ ㄐㄧㄝˋ　ㄅㄨˋ　ㄑㄩˇ,
209,一見如故,初次見面相處融洽，如同老朋友一般,ㄧˊ　ㄐㄧㄢˋ　ㄖㄨˊ　ㄍㄨˋ,
210,一箭雙鵰,一次舉動，可以同時達到兩個目標,ㄧˊ　ㄐㄧㄢˋ　ㄕㄨㄤ　ㄉㄧㄠ,
211,一氣呵成,比喻事情進行得順暢緊湊而不間斷,ㄧˊ　ㄑㄧˋ　ㄏㄜ　ㄔㄥˊ,
212,一丘之貉,比喻彼此同樣低劣，並無差異,ㄧˋ　ㄑㄧㄡ　ㄓ　ㄏㄜˊ,
213,一笑置之,形容不當成一回事,ㄧˊ　ㄒㄧㄠˋ　ㄓˋ　ㄓ,
214,一心一意,指心意專一，毫無他念,ㄧˋ　ㄒㄧㄣ　ㄧˊ　ㄧˋ,
215,一新耳目,所見所聞都有一種新奇、清新的感覺,ㄧˋ　ㄒㄧㄣ　ㄦˇ　ㄇㄨˋ,
216,一知半解,形容一個人所知不全，了解不深,ㄧˋ ㄓ　ㄅㄢˋ　ㄐㄧㄝˇ,
217,一針見血,比喻言論簡潔透澈,ㄧˋ　ㄓㄣ　ㄐㄧㄢˋ　ㄒㄧㄝˇ,
218,一朝一夕,形容時間短暫,ㄧˋ　ㄓㄠ　ㄧˊ　ㄒㄧˋ,
219,一成不變,引申指事情既定之後，從不改變,ㄧˋ　ㄔㄥˊ　ㄅㄨˊ　ㄅㄧㄢˋ,
220,一事無成,一件事也沒做成指事業毫無成就,ㄧˊ　ㄕˋ　ㄨˊ　ㄔㄥˊ,
221,一視同仁,平等待人，不分親疏厚薄,ㄧˊ　ㄕˋ　ㄊㄨㄥˊ　ㄖㄣˊ,
222,一手遮天,比喻玩弄權術、瞞上欺下的行徑,ㄧˋ　ㄕㄡˇ　ㄓㄜ　ㄊㄧㄢ,
223,一日三秋,比喻思念心切,ㄧˊ　ㄖˋ　ㄙㄢ　ㄑㄧㄡ,
224,一言九鼎,形容說話很有信用,ㄧˋ　ㄧㄢˊ　ㄐㄧㄡˇ　ㄉㄧㄥˇ,
225,一無所知,什麼都不知道,ㄧˋ　ㄨˊ　ㄙㄨㄛˇ　ㄓ,
226,一文不值,比喻毫無價值,ㄧˋ　ㄨㄣˊ　ㄅㄨˋ　ㄓˊ,
227,一網打盡,比喻排斥異己，不留孑遺,ㄧˋ　ㄨㄤˇ　ㄉㄚˇ　ㄐㄧㄣˋ,
228,以貌取人,以容貌儀表評斷或選取人才的標準,ㄧˇ　ㄇㄠˋ　ㄑㄩˇ　ㄖㄣˊ,
229,以逸待勞,以安逸等待疲憊的敵人，則可勝,ㄧˇ　ㄧˋ　ㄉㄞˋ　ㄌㄠˊ,
230,亦步亦趨,形容事事追隨或仿傚別人,ㄧˋ　ㄅㄨˋ　ㄧˋ　ㄑㄩ,
231,義無反顧,秉持正義，勇往直前，絕不退縮,ㄧˋ　ㄨˊ　ㄈㄢˇ　ㄍㄨˋ,
232,掩人耳目,比喻用假象欺騙、蒙蔽他人,ㄧㄢˇ　ㄖㄣˊ　ㄦˇ　ㄇㄨˋ,
233,因小失大,因貪圖小利而造成重大損失,ㄧㄣ　ㄒㄧㄠˇ　ㄕ　ㄉㄚˋ,
234,引狼入室,比喻自招其禍,ㄧㄣˇ　ㄌㄤˊ　ㄖㄨˋ　ㄕˋ,
235,引人注目,引起他人的注意,ㄧㄣˇ　ㄖㄣˊ　ㄓㄨˋ　ㄇㄨˋ,
236,飲水思源,比喻人不忘本,ㄧㄣˇ　ㄕㄨㄟˇ　ㄙ　ㄩㄢˊ,
237,無理取鬧,比喻不合情理的吵鬧或故意搗亂,ㄨˊ　ㄌㄧˇ　ㄑㄩˇ　ㄋㄠˋ,
238,無精打采,沒精神，提不起勁的樣子,ㄨˊ　ㄐㄧㄥ　ㄉㄚˇ　ㄘㄞˇ,
239,無中生有,指本無其事，憑空捏造,ㄨˊ　ㄓㄨㄥ　ㄕㄥ　ㄧㄡˇ,
240,無所不能,樣樣都會，凡事都能辦到,ㄨˊ　ㄙㄨㄛˇ　ㄅㄨˋ　ㄋㄥˊ,
241,無憂無慮,形容心情怡然自得,ㄨˊ　ㄧㄡ　ㄨˊ　ㄌㄩˋ,
242,無微不至,形容做事非常細心周到,ㄨˊ　ㄨㄟˊ　ㄅㄨˊ　ㄓˋ,
243,五光十色,比喻內容豐富，變化萬端,ㄨˇ　ㄍㄨㄤ　ㄕˊ　ㄙㄜˋ,
244,五花八門,比喻花樣繁多，變化多端,ㄨˇ　ㄏㄨㄚ　ㄅㄚ　ㄇㄣˊ,
245,危言聳聽,說些誇大、嚇人的話，聽的人驚駭,ㄨㄟˊ　ㄧㄢˊ　ㄙㄨㄥˇ　ㄊㄧㄥ,
246,萬人空巷,形容擁擠、熱鬧的盛況,ㄨㄢˋ　ㄖㄣˊ　ㄎㄨㄥ　ㄒㄧㄤˋ,
247,萬紫千紅,比喻事物豐富而多采多姿,ㄨㄢˋ　ㄗˇ　ㄑㄧㄢ　ㄏㄨㄥˊ,
248,文不對題,文章內容和題目不相符合,ㄨㄣˊ　ㄅㄨˊ　ㄉㄨㄟˋ　ㄊㄧˊ,
249,文質彬彬,形容人舉止文雅，態度端莊,ㄨㄣˊ　ㄓˊ　ㄅㄧㄣ　ㄅㄧㄣ,
250,聞雞起舞,比喻把握時機，及時奮起行動,ㄨㄣˊ　ㄐㄧ　ㄑㄧˇ　ㄨˇ,
251,亡羊補牢,比喻犯錯後及時更正，尚能補救,ㄨㄤˊ　ㄧㄤˊ　ㄅㄨˇ　ㄌㄠˊ,
252,網開一面,寬大仁厚，對犯錯的人從寬處置,ㄨㄤˇ　ㄎㄞ　ㄧˊ　ㄇㄧㄢˋ,
253,忘年之交,不拘年歲行輩而結交為友,ㄨㄤˋ　ㄋㄧㄢˊ　ㄓ　ㄐㄧㄠ,
254,雨過天青,比喻情況由壞轉好,ㄩˇ　ㄍㄨㄛˋ　ㄊㄧㄢ　ㄑㄧㄥ,
255,耳濡目染,指經常聽到、看到而深受影響,ㄦˇ　ㄖㄨˊ　ㄇㄨˋ　ㄖㄢˇ,
256,撥雲見日,比喻除去障礙，重見光明,ㄅㄛ　ㄩㄣˊ　ㄐㄧㄢˋ　ㄖˋ,
257,白紙黑字,常用以比喻證據確鑿，不容懷疑,ㄅㄞˊ　ㄓˇ　ㄏㄟ　ㄗˋ,
258,杯弓蛇影,比喻為不存在的事情枉自驚擾,ㄅㄟ　ㄍㄨㄥ　ㄕㄜˊ　ㄧㄥˇ,
259,背水一戰,比喻抱著必死的決心，奮戰取勝,ㄅㄟˋ　ㄕㄨㄟˇ　ㄧˊ ㄓㄢˋ,
260,半途而廢,比喻做事情有始無終,ㄅㄢˋ　ㄊㄨˊ　ㄦˊ　ㄈㄟˋ,
261,變幻莫測,事物變化多端，難以預測,ㄅㄧㄢˋ　ㄏㄨㄢˋ　ㄇㄛˋ　ㄘㄜˋ,
262,冰雪聰明,用來稱讚人非常聰明,ㄅㄧㄥ　ㄒㄩㄝˇ　ㄘㄨㄥ　ㄇㄧㄥˊ,
263,不倫不類,形容事物不成體統,ㄅㄨˋ　ㄌㄨㄣˊ　ㄅㄨˊ　ㄌㄟˋ,
264,不寒而慄,形容內心恐懼極至,ㄅㄨˋ　ㄏㄢˊ　ㄦˊ　ㄌㄧˋ,
265,不加思索,指不經過思考探求，立即做出反應,ㄅㄨˋ　ㄐㄧㄚ　ㄙ　ㄙㄨㄛˇ,
266,不求甚解,形容只求略懂皮毛而不深入理解,ㄅㄨˋ　ㄑㄧㄡˊ　ㄕㄣˋ　ㄐㄧㄝˇ,
267,不恥下問,不以向學問較自己淺陋的人求教為羞恥,ㄅㄨˋ　ㄔˇ　ㄒㄧㄚˋ　ㄨㄣˋ,
268,不速之客,指沒有邀請就自己來的客人,ㄅㄨˊ　ㄙㄨˋ　ㄓ　ㄎㄜˋ,
269,迫不及待,形容心情急切，不願等待,ㄆㄛˋ　ㄅㄨˋ　ㄐㄧˊ　ㄉㄞˋ,
270,拍案叫絕,拍桌子叫好，形容非常讚賞,ㄆㄞ　ㄢˋ　ㄐㄧㄠˋ　ㄐㄩㄝˊ,
271,馬不停蹄,四處奔走，不停歇，形容忙碌不休,ㄇㄚˇ　ㄅㄨˋ　ㄊㄧㄥˊ　ㄊㄧˊ,
272,馬首是瞻,比喻服從指揮或跟隨他人進退,ㄇㄚˇ　ㄕㄡˇ　ㄕˋ　ㄓㄢ,
273,摩拳擦掌,揮舞拳頭，擦揉手掌，準備行動或動武,ㄇㄛˊ　ㄑㄩㄢˊ　ㄘㄚ　ㄓㄤˇ,
274,莫名其妙,事情使人無法理解，不能言語表達,ㄇㄛˋ　ㄇㄧㄥˊ　ㄑㄧˊ　ㄇㄧㄠˋ,
275,莫逆之交,指心意相投的朋友,ㄇㄛˋ　ㄋㄧˋ　ㄓ　ㄐㄧㄠ,
276,莫衷一是,眾說紛紜，無法得到一致的結論,ㄇㄛˋ　ㄓㄨㄥ　ㄧˊ　ㄕˋ,
277,毛遂自薦,比喻自告奮勇，自我推薦,ㄇㄠˊ　ㄙㄨㄟˋ　ㄗˋ　ㄐㄧㄢˋ,
278,滿載而歸,比喻收穫豐富,ㄇㄢˇ　ㄗㄞˋ　ㄦˊ　ㄍㄨㄟ,
279,夢寐以求,形容願望強烈而迫切,ㄇㄥˋ　ㄇㄟˋ　ㄧˇ　ㄑㄧㄡˊ,
280,靡靡之音,指頹廢淫蕩、使人喪志的音樂,ㄇㄧˇ　ㄇㄧˇ　ㄓ　ㄧㄣ,
281,妙筆生花,讚譽其人文章佳妙,ㄇㄧㄠˋ　ㄅㄧˇ　ㄕㄥ　ㄏㄨㄚ,
282,妙手回春,醫師的醫術高明、將頹勢扭轉過來,ㄇㄧㄠˋ　ㄕㄡˇ　ㄏㄨㄟˊ　ㄔㄨㄣ,
283,面紅耳赤,形容人因緊張、害羞等而滿臉發紅的樣子,ㄇㄧㄢˋ　ㄏㄨㄥˊ　ㄦˇ　ㄔˋ,
284,名副其實,名聲或名稱與實際相符合,ㄇㄧㄥˊ　ㄈㄨˋ　ㄑㄧˊ　ㄕˊ,
285,名列前茅,比喻成績優異，名次排在前面,ㄇㄧㄥˊ　ㄌㄧㄝˋ　ㄑㄧㄢˊ　ㄇㄠˊ,
286,目不轉睛,形容凝神注視的樣子,ㄇㄨˋ　ㄅㄨˋ　ㄓㄨㄢˇ　ㄐㄧㄥ,
287,目光如豆,形容目光短淺，見識狹窄,ㄇㄨˋ　ㄍㄨㄤ　ㄖㄨˊ　ㄉㄡˋ,
288,飛來橫禍,突然降臨的意外災禍,ㄈㄟ　ㄌㄞˊ　ㄏㄥˋ　ㄏㄨㄛˋ,
289,反敗為勝,從敗勢中得到勝利,ㄈㄢˇ　ㄅㄞˋ　ㄨㄟˊ　ㄕㄥˋ,
290,分道揚鑣,分道而行，形容各走各的路,ㄈㄣ　ㄉㄠˋ　ㄧㄤˊ　ㄅㄧㄠ,
291,防不勝防,難以防備,ㄈㄤˊ　ㄅㄨˋ　ㄕㄥ　ㄈㄤˊ,
292,防患未然,趁禍患還未發生之前就加以防備,ㄈㄤˊ　ㄏㄨㄢˋ　ㄨㄟˋ　ㄖㄢˊ,
293,放蕩不羈,形容行為放縱隨便，不加檢點,ㄈㄤˋ　ㄉㄤˋ　ㄅㄨˋ　ㄐㄧ,
294,奉公守法,形容從政者謹守法紀，不徇私舞弊,ㄈㄥˋ　ㄍㄨㄥ　ㄕㄡˇ　ㄈㄚˇ,
295,打草驚蛇,對付敵人行事不密，致使敵人預先有防備,ㄉㄚˇ　ㄘㄠˇ　ㄐㄧㄥ　ㄕㄜˊ,
296,大公無私,謂秉公處理，毫無偏私,ㄉㄚˋ　ㄍㄨㄥ　ㄨˊ　ㄙ,
297,大開眼界,大大地增長見識,ㄉㄚˋ　ㄎㄞ　ㄧㄢˇ　ㄐㄧㄝˋ,
298,得天獨厚,得上天的厚愛，具特別優越的條件,ㄉㄜˊ　ㄊㄧㄢ　ㄉㄨˊ　ㄏㄡˋ,
299,單槍匹馬,比喻單獨行動，沒有絲毫助力,ㄉㄢ　ㄑㄧㄤ　ㄆㄧ　ㄇㄚˇ,
300,當頭棒喝,比喻使人立即醒悟的警示,ㄉㄤ　ㄊㄡˊ　ㄅㄤˋ　ㄏㄜˋ,
301,雕蟲小技,比喻微不足道的技能,ㄉㄧㄠ　ㄔㄨㄥˊ　ㄒㄧㄠˇ　ㄐㄧˋ,
302,對症下藥,針對癥結所在，做有效的處理,ㄉㄨㄟˋ　ㄓㄥˋ　ㄒㄧㄚˋ　ㄧㄠˋ,
303,動輒得咎,形容人處境困難，極易受到責難,ㄉㄨㄥˋ　ㄓㄜˊ　ㄉㄜˊ　ㄐㄧㄡˋ,
304,偷雞摸狗,形容做事偷偷摸摸，不光明正大,ㄊㄡ　ㄐㄧ　ㄇㄛ　ㄍㄡˇ,
305,投石問路,在採取某一行動前，先打探虛實,ㄊㄡˊ　ㄕˊ　ㄨㄣˋ　ㄌㄨˋ,
306,投鼠忌器,想要除害，但有所顧忌而不敢下手,ㄊㄡˊ　ㄕㄨˇ　ㄐㄧˋ　ㄑㄧˋ,
307,談虎色變,比喻一提及某事就非常害怕,ㄊㄢˊ　ㄏㄨˇ　ㄙㄜˋ　ㄅㄧㄢˋ,
308,探囊取物,比喻事情極容易辦到,ㄊㄢˋ　ㄋㄤˊ　ㄑㄩˇ　ㄨˋ,
309,嘆為觀止,讚美看到的事物好到極點無與倫比,ㄊㄢˋ　ㄨㄟˊ　ㄍㄨㄢ　ㄓˇ,
310,啼笑皆非,形容不知如何是好,ㄊㄧˊ　ㄒㄧㄠˋ　ㄐㄧㄝ　ㄈㄟ,
311,體無完膚,遭人批評得一無是處，面目全非,ㄊㄧˇ　ㄨˊ　ㄨㄢˊ　ㄈㄨ,
312,挑撥離間,搬弄是非，分化彼此感情，使人互相猜忌,ㄊㄧㄠˇ　ㄅㄛ　ㄌㄧˊ　ㄐㄧㄢˋ,
313,鋌而走險,窮途末路或受逼迫時採取冒險行動,ㄊㄧㄥˇ　ㄦˊ　ㄗㄡˇ　ㄒㄧㄢˇ,
314,土崩瓦解,比喻澈底潰敗，不可收拾,ㄊㄨˇ　ㄅㄥ　ㄨㄚˇ　ㄐㄧㄝˇ,
315,拖泥帶水,比喻言辭或行為不乾脆,ㄊㄨㄛ　ㄋㄧˊ　ㄉㄞˋ　ㄕㄨㄟˇ,
316,唾手可得,比喻事物很容易得到,ㄊㄨㄛˋ　ㄕㄡˇ　ㄎㄜˇ　ㄉㄜˊ,
317,推心置腹,比喻以至誠待人,ㄊㄨㄟ　ㄒㄧㄣ　ㄓˋ　ㄈㄨˋ,
318,同病相憐,有同樣不幸遭遇的人互相同情,ㄊㄨㄥˊ　ㄅㄧㄥˋ　ㄒㄧㄤ　ㄌㄧㄢˊ,
319,同流合汙,指跟壞人一起做壞事,ㄊㄨㄥˊ　ㄌㄧㄡˊ　ㄏㄜˊ　ㄨ,
320,童心未泯,年歲已大卻仍保有兒童一般的心性,ㄊㄨㄥˊ　ㄒㄧㄣ　ㄨㄟˋ　ㄇㄧㄣˇ,
321,童山濯濯,多用以形容人禿頭、無髮,ㄊㄨㄥˊ　ㄕㄢ　ㄓㄨㄛˊ　ㄓㄨㄛˊ,
322,童叟無欺,對待小孩和老人的態度一樣不欺瞞,ㄊㄨㄥˊ　ㄙㄡˇ　ㄨˊ　ㄑㄧ,
323,怒髮衝冠,形容盛怒的樣子,ㄋㄨˋ　ㄈㄚˇ　ㄔㄨㄥ　ㄍㄨㄢ,
324,弄巧成拙,比喻枉費心機,ㄋㄨㄥˋ　ㄑㄧㄠˇ　ㄔㄥˊ　ㄓㄨㄛˊ,
325,樂不可支,形容快樂到了極點,ㄌㄜˋ　ㄅㄨˋ　ㄎㄜˇ　ㄓ,
326,勞而無功,花費了精力，卻毫無功效或收穫,ㄌㄠˊ　ㄦˊ　ㄨˊ　ㄍㄨㄥ,
327,勞燕分飛,比喻夫妻、情人別離,ㄌㄠˊ　ㄧㄢˋ　ㄈㄣ　ㄈㄟ,
328,老馬識途,有經驗的人對情況熟悉把工作做好,ㄌㄠˇ　ㄇㄚˇ　ㄕˋ　ㄊㄨˊ,
329,老謀深算,形容人精明老練，計慮深遠,ㄌㄠˇ　ㄇㄡˊ　ㄕㄣ　ㄙㄨㄢˋ,
330,老當益壯,年紀雖大身體仍然強健且志氣豪壯,ㄌㄠˇ　ㄉㄤ　ㄧˋ　ㄓㄨㄤˋ,
331,老生常談,比喻時常聽到，了無新意的老話,ㄌㄠˇ　ㄕㄥ　ㄔㄤˊ　ㄊㄢˊ,
332,狼吞虎嚥,形容吃東西又猛又急,ㄌㄤˊ　ㄊㄨㄣ　ㄏㄨˇ　ㄧㄢˋ,
333,立竿見影,比喻迅速收到成效,ㄌㄧˋ　ㄍㄢ　ㄐㄧㄢˋ　ㄧㄥˇ,
334,流芳百世,美名流傳後世、為人所稱頌,ㄌㄧㄡˊ　ㄈㄤ　ㄅㄞˇ　ㄕˋ,
335,流連忘返,貪戀沉迷而不願離去,ㄌㄧㄡˊ　ㄌㄧㄢˊ　ㄨㄤˋ　ㄈㄢˇ,
336,六神無主,形容心慌意亂，拿不定主意,ㄌㄧㄡˋ　ㄕㄣˊ　ㄨˊ　ㄓㄨˇ,
337,憐香惜玉,比喻愛憐、善待女性,ㄌㄧㄢˊ　ㄒㄧㄤ　ㄒㄧˊ　ㄩˋ,
338,良辰美景,美好的時光，宜人的景色,ㄌㄧㄤˊ　ㄔㄣˊ　ㄇㄟˇ　ㄐㄧㄥˇ,
339,良莠不齊,謂好壞參差，素質不一,ㄌㄧㄤˊ　ㄧㄡˋ　ㄅㄨˋ　ㄑㄧˊ,
340,量力而為,衡量自己的能力做事,ㄌㄧㄤˋ　ㄌㄧˋ　ㄦˊ　ㄨㄟˊ,
341,另眼相看,以特別的態度相待，以示重視或歧視,ㄌㄧㄥˋ　ㄧㄢˇ　ㄒㄧㄤ　ㄎㄢˋ,
342,戮力齊心,齊心合力，團結一致,ㄌㄨˋ　ㄌㄧˋ　ㄑㄧˊ　ㄒㄧㄣ,
343,屢敗屢戰,雖然屢次戰敗，仍繼續奮勇作戰,ㄌㄩˇ　ㄅㄞˋ　ㄌㄩˇ　ㄓㄢˋ,
344,隔靴搔癢,比喻未能透澈領悟佛理,ㄍㄜˊ　ㄒㄩㄝ　ㄙㄠ　ㄧㄤˇ,
345,改頭換面,比喻一個人澈底改變，重新做人,ㄍㄞˇ　ㄊㄡˊ　ㄏㄨㄢˋ　ㄇㄧㄢˋ,
346,高朋滿座,形容賓客眾多,ㄍㄠ　ㄆㄥˊ　ㄇㄢˇ　ㄗㄨㄛˋ,
347,高抬貴手,請求寬容饒恕的客套話,ㄍㄠ　ㄊㄞˊ　ㄍㄨㄟˋ　ㄕㄡˇ,
348,輕描淡寫,著力不多的描繪或敘述,ㄑㄧㄥ　ㄇㄧㄠˊ　ㄉㄢˋ　ㄒㄧㄝˇ,
349,高深莫測,引申為人或事深沉不可測,ㄍㄠ　ㄕㄣ　ㄇㄛˋ　ㄘㄜˋ,
350,苟且偷安,得過且過，只圖眼前安逸，不顧將來,ㄍㄡˇ　ㄑㄧㄝˇ　ㄊㄡ　ㄢ,
351,甘拜下風,表示自認不如，由衷佩服,ㄍㄢ　ㄅㄞˋ　ㄒㄧㄚˋ　ㄈㄥ,
352,孤注一擲,比喻危急時，投入全部力量，作最後冒險,ㄍㄨ　ㄓㄨˋ　ㄧˋ　ㄓˊ,
353,沽名釣譽,指故意做作，用手段謀取名聲和讚譽,ㄍㄨ　ㄇㄧㄥˊ　ㄉㄧㄠˋ　ㄩˋ,
354,古道熱腸,形容待人仁厚、熱心,ㄍㄨˇ　ㄉㄠˋ　ㄖㄜˋ　ㄔㄤˊ,
355,瓜熟蒂落,比喻時機成熟，事情自然成功,ㄍㄨㄚ　ㄕㄡˊ　ㄉㄧˋ　ㄌㄨㄛˋ,
356,國泰民安,國家太平，人民安樂,ㄍㄨㄛˊ　ㄊㄞˋ　ㄇㄧㄣˊ　ㄢ,
357,過猶不及,指事情要做得恰到好處,ㄍㄨㄛˋ　ㄧㄡˊ　ㄅㄨˋ　ㄐㄧˊ,
358,滾瓜爛熟,比喻極為純熟流利,ㄍㄨㄣˇ　ㄍㄨㄚ　ㄌㄢˋ　ㄕㄨˊ,
359,光怪陸離,形容現象離奇怪異，色彩參差錯雜,ㄍㄨㄤ　ㄍㄨㄞˋ　ㄌㄨˋ　ㄌㄧˊ,
360,開卷有益,指打開書本閱讀，即能得到好處,ㄎㄞ　ㄐㄩㄢˋ　ㄧㄡˇ　ㄧˋ,
361,口蜜腹劍,一個人嘴上說得好聽，事實上險惡,ㄎㄡˇ　ㄇㄧˋ　ㄈㄨˋ　ㄐㄧㄢˋ,
362,空穴來風,比喻憑空捏造不實的傳言,ㄎㄨㄥ　ㄒㄩㄝˋ　ㄌㄞˊ　ㄈㄥ,
363,荷槍實彈,形容高度警戒，準備隨時戰鬥的狀況,ㄏㄜˋ　ㄑㄧㄤ　ㄕˊ　ㄉㄢˋ,
364,海闊天空,形容無拘無束，漫無邊際的樣子,ㄏㄞˇ　ㄎㄨㄛˋ　ㄊㄧㄢ　ㄎㄨㄥ,
365,害群之馬,比喻危害大眾的人,ㄏㄞˋ　ㄑㄩㄣˊ　ㄓ　ㄇㄚˇ,
366,薪火相傳,比喻師生授受不絕，綿延不盡,ㄒㄧㄣ　ㄏㄨㄛˇ　ㄒㄧㄤ　ㄔㄨㄢˊ,
367,星羅棋布,形容布列繁密,ㄒㄧㄥ　ㄌㄨㄛˊ　ㄑㄧˊ　ㄅㄨˋ,
368,好高騖遠,指一味地嚮往高遠的目標而不切實際,ㄏㄠˋ　ㄍㄠ　ㄨˋ　ㄩㄢˇ,
369,好事多磨,美好的事，要經過波折才能如願,ㄏㄠˇ　ㄕˋ　ㄉㄨㄛ　ㄇㄛˊ,
370,後生可畏,年輕人的成就超越先輩，令人敬畏,ㄏㄡˋ　ㄕㄥ　ㄎㄜˇ　ㄨㄟˋ,
371,含苞待放,花朵包含在花蒂上，即將綻放,ㄏㄢˊ　ㄅㄠ　ㄉㄞˋ　ㄈㄤˋ,
372,汗馬功勞,指征戰的功勞，亦泛指一般的功勞,ㄏㄢˋ　ㄇㄚˇ　ㄍㄨㄥ　ㄌㄠˊ,
373,汗牛充棟,指書籍繁多，堆滿整幢房屋,ㄏㄢˋ　ㄋㄧㄡˊ　ㄔㄨㄥ　ㄉㄨㄥˋ,
374,沆瀣一氣,比喻彼此志同道合，意氣相投,ㄏㄤˋ　ㄒㄧㄝˋ　ㄧˊ　ㄑㄧˋ,
375,花容失色,女子受到驚嚇，如花朵般的容貌失去顏色,ㄏㄨㄚ　ㄖㄨㄥˊ　ㄕ　ㄙㄜˋ,
376,花容月貌,形容女子容貌美好,ㄏㄨㄚ　ㄖㄨㄥˊ　ㄩㄝˋ　ㄇㄠˋ,
377,化敵為友,把敵人變為朋友,ㄏㄨㄚˋ　ㄉㄧˊ　ㄨㄟˊ　ㄧㄡˇ,
378,火上加油,比喻使事態更加擴張或惡化,ㄏㄨㄛˇ　ㄕㄤˋ　ㄐㄧㄚ　ㄧㄡˊ,
379,禍不單行,比喻不幸的事接二連三地發生,ㄏㄨㄛˋ　ㄅㄨˋ　ㄉㄢ　ㄒㄧㄥˊ,
380,懷才不遇,懷有才能卻際遇不佳，不受重用,ㄏㄨㄞˊ　ㄘㄞˊ　ㄅㄨˊ　ㄩˋ,
381,灰頭土臉,形容蓬頭垢面，滿面風塵,ㄏㄨㄟ　ㄊㄡˊ　ㄊㄨˇ　ㄌㄧㄢˇ,
382,蕙質蘭心,比喻女子芳潔的心地、高雅的品德,ㄏㄨㄟˋ　ㄓˊ　ㄌㄢˊ　ㄒㄧㄣ,
383,魂不附體,形容驚嚇過度而心不能自主,ㄏㄨㄣˊ　ㄅㄨˊ　ㄈㄨˋ　ㄊㄧˇ,
384,黃粱一夢,榮華富貴如夢般短暫虛幻，且終歸泡影,ㄏㄨㄤˊ　ㄌㄧㄤˊ　ㄧˊㄇㄥˋ,
385,恍然大悟,猛然醒悟過來,ㄏㄨㄤˇ　ㄖㄢˊ　ㄉㄚˋ　ㄨˋ,
386,積勞成疾,因長期過度勞累而生病,ㄐㄧ　ㄌㄠˊ　ㄔㄥˊ　ㄐㄧˊ,
387,雞毛蒜皮,比喻沒價值的東西或不重要的小事,ㄐㄧ　ㄇㄠˊ　ㄙㄨㄢˋ　ㄆㄧˊ,
388,雞鳴狗盜,形容卑劣低下的人或事,ㄐㄧ　ㄇㄧㄥˊ　ㄍㄡˇ　ㄉㄠˋ,
389,雞飛狗跳,比喻因驚擾引來的混亂,ㄐㄧ　ㄈㄟ　ㄍㄡˇ　ㄊㄧㄠˋ,
390,急功近利,指急於求得成效，貪求眼前利益,ㄐㄧˊ　ㄍㄨㄥ　ㄐㄧㄣˋ　ㄌㄧˋ,
391,疾言厲色,形容人發怒的樣子,ㄐㄧˊ　ㄧㄢˊ　ㄌㄧˋ　ㄙㄜˋ,
392,集思廣益,廣泛吸收有益的意見,ㄐㄧˊ　ㄙ　ㄍㄨㄤˇ　ㄧˋ,
393,寄人籬下,作品因襲循守舊，不能自創一格,ㄐㄧˋ　ㄖㄣˊ　ㄌㄧˊ　ㄒㄧㄚˋ,
394,繼往開來,承續先人的事業，為後人開拓道路,ㄐㄧˋ　ㄨㄤˇ　ㄎㄞ　ㄌㄞˊ,
395,家無長物,比喻節儉或貧困,ㄐㄧㄚ　ㄨˊ　ㄓㄤˋ　ㄨˋ,
396,家喻戶曉,家家戶戶都知曉，形容名聲傳播極廣,ㄐㄧㄚ　ㄩˋ　ㄏㄨˋ　ㄒㄧㄠˇ,
397,孑然一身,形容孤獨一個人,ㄐㄧㄝˊ　ㄖㄢˊ　ㄧˋ　ㄕㄣ,
398,借花獻佛,比喻借用他人的東西來作人情,ㄐㄧㄝˋ　ㄏㄨㄚ　ㄒㄧㄢˋ　ㄈㄛˊ,
399,交頭接耳,湊近頭耳，形容低聲私語,ㄐㄧㄠ　ㄊㄡˊ　ㄐㄧㄝ　ㄦˇ,
400,教學相長,教與學互相增長,ㄐㄧㄠˋ　ㄒㄩㄝˊ　ㄒㄧㄤ　ㄓㄤˇ,
401,焦頭爛額,做事陷入十分狼狽窘迫的困境或犧牲慘重,ㄐㄧㄠ　ㄊㄡˊ　ㄌㄢˋ　ㄜˊ,
402,狡兔三窟,比喻有多處藏身的地方或多種避禍的準備,ㄐㄧㄠˇ　ㄊㄨˋ　ㄙㄢ　ㄎㄨ,
403,堅忍不拔,形容意志堅定，不可動搖,ㄐㄧㄢ　ㄖㄣˇ　ㄅㄨˋ　ㄅㄚˊ,
404,漸入佳境,比喻境況逐漸進展至美好的境界,ㄐㄧㄢˋ　ㄖㄨˋ　ㄐㄧㄚ　ㄐㄧㄥˋ,
405,金蟬脫殼,比喻利用假象藉以脫身,ㄐㄧㄣ　ㄔㄢˊ　ㄊㄨㄛ　ㄎㄜˊ,
406,金字招牌,比喻商店資金雄厚，信譽卓著,ㄐㄧㄣ　ㄗˋ　ㄓㄠ　ㄆㄞˊ,
407,盡善盡美,形容事物的完善美滿已達極限,ㄐㄧㄣˋ　ㄕㄢˋ　ㄐㄧㄣˋ　ㄇㄟˇ,
408,經年累月,經過很長的時間,ㄐㄧㄥ　ㄋㄧㄢˊ　ㄌㄟˇ　ㄩㄝˋ,
409,精益求精,指好還要更好的意思,ㄐㄧㄥ　ㄧˋ　ㄑㄧㄡˊ　ㄐㄧㄥ,
410,舉棋不定,比喻做事猶豫不決，拿不定主意,ㄐㄩˇ　ㄑㄧˊ　ㄅㄨˊ　ㄉㄧㄥˋ,
411,聚沙成塔,比喻積少成多,ㄐㄩˋ　ㄕㄚ　ㄔㄥˊ　ㄊㄚˇ,
412,居安思危,處於安樂時，要想到危險可能會隨時出現,ㄐㄩ　ㄢ　ㄙ　ㄨㄟˊ,
413,泣不成聲,哭得發不出聲音形容十分悲傷,ㄑㄧˋ　ㄅㄨˋ　ㄔㄥˊ　ㄕㄥ,
414,氣急敗壞,形容十分慌張的樣子,ㄑㄧˋ　ㄐㄧˊ　ㄅㄞˋ　ㄏㄨㄞˋ,
415,氣象萬千,形容景象千變萬化，極為壯觀,ㄑㄧˋ　ㄒㄧㄤˋ　ㄨㄢˋ　ㄑㄧㄢ,
416,鍥而不捨,比喻堅持到底，奮勉不懈,ㄑㄧㄝˋ　ㄦˊ　ㄅㄨˋ　ㄕㄜˇ,
417,巧言令色,形容人矯情虛偽,ㄑㄧㄠˇ　ㄧㄢˊ　ㄌㄧㄥˋ　ㄙㄜˋ,
418,青梅竹馬,比喻從小就相識的同伴,ㄑㄧㄥ　ㄇㄟˊ　ㄓㄨˊ　ㄇㄚˇ,
419,清風亮節,形容人的品格高尚，氣節堅貞,ㄑㄧㄥ　ㄈㄥ　ㄌㄧㄤˋ　ㄐㄧㄝˊ,
420,全神貫注,將心思精神完全集中於某事物上,ㄑㄩㄢˊ　ㄕㄣˊ　ㄍㄨㄢˋ　ㄓㄨˋ,
421,拳打腳踢,形容毆打得極為凶暴,ㄑㄩㄢˊ　ㄉㄚˇ　ㄐㄧㄠˇ　ㄊㄧ,
422,群龍無首,比喻一群人中缺乏領導者,ㄑㄩㄣˊ　ㄌㄨㄥˊ　ㄨˊ　ㄕㄡˇ,
423,群策群力,聚合眾人的智慧和能力,ㄑㄩㄣˊ　ㄘㄜˋ　ㄑㄩㄣˊ　ㄌㄧˋ,
424,息事寧人,指平息紛爭，以使彼此相安,ㄒㄧˊ　ㄕˋ　ㄋㄧㄥˊ　ㄖㄣˊ,
425,喜上眉梢,喜悅之情流露於眉宇之間,ㄒㄧˇ　ㄕㄤˋ　ㄇㄟˊ　ㄕㄠ,
426,血氣方剛,泛指年輕人精力正當旺盛，易於衝動,ㄒㄧㄝˇ　ㄑㄧˋ　ㄈㄤ　ㄍㄤ,
427,小題大作,將小事當成大事來處理或誇張渲染,ㄒㄧㄠˇ　ㄊㄧˊ　ㄉㄚˋ　ㄗㄨㄛˋ,
428,秀色可餐,形容女子的姿色非常秀美,ㄒㄧㄡˋ　ㄙㄜˋ　ㄎㄜˇ　ㄘㄢ,
429,先發制人,先下手取得先機，才能制伏對方,ㄒㄧㄢ　ㄈㄚ　ㄓˋ　ㄖㄣˊ,
430,先禮後兵,先以禮節相待，再以強硬手段相抗,ㄒㄧㄢ　ㄌㄧˇ　ㄏㄡˋ　ㄅㄧㄥ,
431,險象環生,危險的狀況頻頻出現,ㄒㄧㄢˇ　ㄒㄧㄤˋ　ㄏㄨㄢˊ　ㄕㄥ,
432,心曠神怡,心情開朗，精神愉悅,ㄒㄧㄣ　ㄎㄨㄤˋ　ㄕㄣˊ　ㄧˊ,
433,心悅誠服,誠心誠意地歸服,ㄒㄧㄣ　ㄩㄝˋ　ㄔㄥˊ　ㄈㄨˊ,
434,心服口服,形容非常服氣,ㄒㄧㄣ　ㄈㄨˊ　ㄎㄡˇ　ㄈㄨˊ,
435,興師問罪,前去宣布他人罪狀，並嚴加譴責,ㄒㄧㄥ　ㄕ　ㄨㄣˋ　ㄗㄨㄟˋ,
436,行屍走肉,比喻徒具形骸，毫無生氣，庸碌無為的人,ㄒㄧㄥˊ　ㄕ　ㄗㄡˇ　ㄖㄡˋ,
437,形影不離,關係親密，無時無處不在一起,ㄒㄧㄥˊ　ㄧㄥˇ　ㄅㄨˋ　ㄌㄧˊ,
438,學富五車,形容人書讀很多，學識廣博,ㄒㄩㄝˊ　ㄈㄨˋ　ㄨˇ　ㄐㄩ,
439,學無止境,指研究學問沒有終止的時候,ㄒㄩㄝˊ　ㄨˊ　ㄓˇ　ㄐㄧㄥˋ,
440,胸有成竹,比喻處事有定見,ㄒㄩㄥ　ㄧㄡˇ　ㄔㄥˊ　ㄓㄨˊ,
441,臭味相投,多用負面義，譏諷人興趣、性情相合,ㄒㄧㄡˋ　ㄨㄟˋ　ㄒㄧㄤ　ㄊㄡˊ,
442,知足常樂,為人知道滿足，心情自然能常保愉快,ㄓ　ㄗㄨˊ　ㄔㄤˊ　ㄌㄜˋ,
443,指日可待,比喻不久之後,ㄓˇ　ㄖˋ　ㄎㄜˇ　ㄉㄞˋ,
444,招兵買馬,比喻組織或擴充軍事力量,ㄓㄠ　ㄅㄧㄥ　ㄇㄞˇ　ㄇㄚˇ,
445,招財進寶,招來財氣，以發財致富,ㄓㄠ　ㄘㄞˊ　ㄐㄧㄣˋ　ㄅㄠˇ,
446,招搖撞騙,憑藉他人名聲，到處炫耀、詐騙,ㄓㄠ　ㄧㄠˊ　ㄓㄨㄤˋ　ㄆㄧㄢˋ,
447,沾沾自喜,形容自得自滿的樣子,ㄓㄢ　ㄓㄢ　ㄗˋ　ㄒㄧˇ,
448,貞風亮節,形容人的品格高尚，氣節堅貞,ㄓㄣ　ㄈㄥ　ㄌㄧㄤˋ　ㄐㄧㄝˊ,
449,忠言逆耳,誠懇正直的規勸往往刺耳，不易被人接受,ㄓㄨㄥ　ㄧㄢˊ　ㄋㄧˋ　ㄦˇ,
450,眾目睽睽,眾人都睜大眼睛注視著,ㄓㄨㄥˋ　ㄇㄨˋ　ㄎㄨㄟˊ　ㄎㄨㄟˊ,
451,朝令夕改,比喻政令、主張或意見反覆無常,ㄓㄠ　ㄌㄧㄥˋ　ㄒㄧˋ　ㄍㄞˇ,
452,重見天日,指幽藏的事重見，或比喻冤屈得到伸雪,ㄔㄨㄥˊ　ㄐㄧㄢˋ　ㄊㄧㄢ　ㄖˋ,
453,池魚之殃,比喻無辜卻受牽累而遭禍,ㄔˊ　ㄩˊ　ㄓ　ㄧㄤ,
454,差強人意,雖然不夠好，但大致還能讓人滿意,ㄔㄚ　ㄑㄧㄤˊ　ㄖㄣˊ　ㄧˋ,
455,趁火打劫,比喻乘人之危，從中取利,ㄔㄣˋ　ㄏㄨㄛˇ　ㄉㄚˇ　ㄐㄧㄝˊ,
456,長篇大論,極長的文章或滔滔不絕的言論,ㄔㄤˊ　ㄆㄧㄢ　ㄉㄚˋ　ㄌㄨㄣˋ,
457,成群結隊,眾多人物聚在一起,ㄔㄥˊ　ㄑㄩㄣˊ　ㄐㄧㄝˊ　ㄉㄨㄟˋ,
458,出類拔萃,形容才能特出，超越眾人,ㄔㄨ　ㄌㄟˋ　ㄅㄚˊ　ㄘㄨㄟˋ,
459,處心積慮,千方百慮，蓄意已久,ㄔㄨˇ　ㄒㄧㄣ　ㄐㄧ　ㄌㄩˋ,
460,吹毛求疵,比喻刻意挑剔過失或缺點,ㄔㄨㄟ　ㄇㄠˊ　ㄑㄧㄡˊ　ㄘ,
461,失魂落魄,形容人極度驚慌或精神恍惚,ㄕ　ㄏㄨㄣˊ　ㄌㄨㄛˋ　ㄆㄛˋ,
462,石破天驚,形容事物或言論新奇驚人,ㄕˊ　ㄆㄛˋ　ㄊㄧㄢ　ㄐㄧㄥ,
463,拾金不昧,揀到別人遺失的錢財不據為己有,ㄕˊ　ㄐㄧㄣ　ㄅㄨˋ　ㄇㄟˋ,
464,事與願違,事實和願望相違背,ㄕˋ　ㄩˇ　ㄩㄢˋ　ㄨㄟˊ,
465,視而不見,雖看到，但因心不在焉，像沒有看到一樣,ㄕˋ　ㄦˊ　ㄅㄨˋ　ㄐㄧㄢˋ,
466,適得其反,結果與原先的期望恰好相反,ㄕˋ　ㄉㄜˊ　ㄑㄧˊ　ㄈㄢˇ,
467,適可而止,指事情做到恰到好處就該停止,ㄕˋ　ㄎㄜˇ　ㄦˊ　ㄓˇ,
468,守望相助,相互幫助，共同守衛、瞭望,ㄕㄡˇ　ㄨㄤˋ　ㄒㄧㄤ　ㄓㄨˋ,
469,深明大義,能識大體，顧全大局,ㄕㄣ　ㄇㄧㄥˊ　ㄉㄚˋ　ㄧˋ,
470,深居簡出,指人平日待在家裡，很少外出,ㄕㄣ　ㄐㄩ　ㄐㄧㄢˇ　ㄔㄨ,
471,神色自若,神色從容自然，很鎮定的樣子,ㄕㄣˊ　ㄙㄜˋ　ㄗˋ　ㄖㄨㄛˋ,
472,賞罰分明,依功行賞，論罪責罰，處理得清清楚楚,ㄕㄤˇ　ㄈㄚˊ　ㄈㄣ　ㄇㄧㄥˊ,
473,賞心悅目,情景美好，使心目都感到快樂舒暢,ㄕㄤˇ　ㄒㄧㄣ　ㄩㄝˋ　ㄇㄨˋ,
474,聲名狼籍,引申來比喻名聲非常惡劣,ㄕㄥ　ㄇㄧㄥˊ　ㄌㄤˊ　ㄐㄧˊ,
475,束手無策,比喻面對問題時，毫無解決的辦法,ㄕㄨˋ　ㄕㄡˇ　ㄨˊ　ㄘㄜˋ,
476,數典忘祖,比喻人忘本,ㄕㄨˇ　ㄉㄧㄢˇ　ㄨㄤˋ　ㄗㄨˇ,
477,水泄不通,形容擁擠不堪,ㄕㄨㄟˇ　ㄒㄧㄝˋ　ㄅㄨˋ　ㄊㄨㄥ,
478,順手牽羊,比喻乘機順便取走他人財物,ㄕㄨㄣˋ　ㄕㄡˇ　ㄑㄧㄢ　ㄧㄤˊ,
479,順水推舟,比喻順應情勢行事,ㄕㄨㄣˋ　ㄕㄨㄟˇ　ㄊㄨㄟ　ㄓㄡ,
480,順水人情,不費氣力的人情,ㄕㄨㄣˋ　ㄕㄨㄟˇ　ㄖㄣˊ　ㄑㄧㄥˊ,
481,日薄西山,比喻事物接近衰亡,ㄖˋ　ㄅㄛˊ　ㄒㄧ　ㄕㄢ,
482,仁至義盡,形容對他人盡最大的努力關懷照顧,ㄖㄣˊ　ㄓˋ　ㄧˋ　ㄐㄧㄣˋ,
483,忍辱負重,忍受屈辱怨謗而承擔重任,ㄖㄣˇ　ㄖㄨˋ　ㄈㄨˋ　ㄓㄨㄥˋ,
484,如臨大敵,戒備森嚴或將事情看得很嚴重,ㄖㄨˊ　ㄌㄧㄣˊ　ㄉㄚˋ　ㄉㄧˊ,
485,如膠似漆,比喻感情的堅固或親密,ㄖㄨˊ　ㄐㄧㄠ　ㄙˋ　ㄑㄧ,
486,如數家珍,比喻敘述事物明晰熟練,ㄖㄨˊ　ㄕㄨˇ　ㄐㄧㄚ　ㄓㄣ,
487,入不敷出,收入不夠支出,ㄖㄨˋ　ㄅㄨˋ　ㄈㄨ　ㄔㄨ,
488,入境隨俗,到一個地方就順隨當地的風俗習慣行事,ㄖㄨˋ　ㄐㄧㄥˋ　ㄙㄨㄟˊ　ㄙㄨˊ,
489,雜亂無章,雜亂而沒有條理,ㄗㄚˊ　ㄌㄨㄢˋ　ㄨˊ　ㄓㄤ,
490,嘖嘖稱奇,咂嘴作聲，表示驚奇、讚嘆,ㄗㄜˊ　ㄗㄜˊ　ㄔㄥ　ㄑㄧˊ,
491,走馬看花,粗略、匆促地觀看，不能深入了解事務,ㄗㄡˇ　ㄇㄚˇ　ㄎㄢˋ　ㄏㄨㄚ,
492,作繭自縛,比喻人做某事，反而使自己陷入困境,ㄗㄨㄛˋ　ㄐㄧㄢˇ　ㄗˋ　ㄈㄨˊ,
493,字正腔圓,形容說話時咬字清晰，發音正確,ㄗˋ　ㄓㄥˋ　ㄑㄧㄤ　ㄩㄢˊ,
494,此起彼落,形容連續不斷,ㄘˇ　ㄑㄧˇ　ㄅㄧˇ　ㄌㄨㄛˋ,
495,錯綜複雜,交錯綜合在一起，形容情況複雜,ㄘㄨㄛˋ　ㄗㄨㄥˋ　ㄈㄨˋ　ㄗㄚˊ,
496,色厲內荏,形容人外表嚴厲，而內心怯懦,ㄙㄜˋ　ㄌㄧˋ　ㄋㄟˋ　ㄖㄣˇ,
497,三姑六婆,比喻愛搬弄是非的婦女,ㄙㄢ　ㄍㄨ　ㄌㄧㄡˋ　ㄆㄛˊ,
498,三心二意,形容猶豫不決、意志不堅,ㄙㄢ　ㄒㄧㄣ　ㄦˋ　ㄧˋ,
499,隨心所欲,完全順隨自己的心意去做事,ㄙㄨㄟˊ　ㄒㄧㄣ　ㄙㄨㄛˇ　ㄩˋ,
500,一表人才,形容人相貌俊秀，儀態翩翩,ㄧ　ㄅㄧㄠˇ　ㄖㄣˊ　ㄘㄞˊ,
501,一馬當先,趕在眾人之前，領先前進,ㄧ　ㄇㄚˇ　ㄉㄤ　ㄒㄧㄢ,
502,一鳴驚人,平時默默無聞，後有驚人的表現,ㄧˋ　ㄇㄧㄥˊ　ㄐㄧㄥ　ㄖㄣˊ,
503,一飛沖天,比喻才華一經施展，即有非凡表現,ㄧ　ㄈㄟ　ㄔㄨㄥ　ㄊㄧㄢ,
504,一廂情願,完全出自單方面主觀意願，不管對方意願,ㄧ　ㄒㄧㄤ　ㄑㄧㄥˊ　ㄩㄢˋ,
505,一唱一和,比喻互相幫腔、附和,ㄧ　ㄔㄤˋ　ㄧ　ㄏㄜˋ,
506,一葉知秋,由細微的徵兆，推知事物的演變和趨勢,ㄧˊ　ㄧㄝˋ　ㄓ　ㄑㄧㄡ,
507,衣錦還鄉,形容人功成名就後榮歸故鄉,ㄧˋ　ㄐㄧㄣˇ　ㄏㄨㄢˊ　ㄒㄧㄤ,
508,依依不捨,非常留戀，捨不得分離,ㄧ　ㄧ　ㄅㄨˋ　ㄕㄜˇ,
509,以桃代李,比喻以此代彼或代人受過,ㄧˇ　ㄊㄠˊ　ㄉㄞˋ　ㄌㄧˇ,
510,以鄰為壑,比喻將困難和災禍推到別人身上,ㄧˇ　ㄌㄧㄣˊ　ㄨㄟˊ　ㄏㄨㄛˋ,
511,以管窺天,比喻見識片面而狹窄,ㄧˇ　ㄍㄨㄢˇ　ㄎㄨㄟ　ㄊㄧㄢ,
512,以訛傳訛,指將不正確的訊息繼續傳播下去,ㄧˇ　ㄜˊ　ㄔㄨㄢˊ　ㄜˊ,
513,倚老賣老,自以為年紀大，閱歷豐富，而看不起別人,ㄧˇ　ㄌㄠˇ　ㄇㄞˋ　ㄌㄠˇ,
514,意氣風發,形容精神振奮，志氣昂揚的樣子,ㄧˋ　ㄑㄧˋ　ㄈㄥ　ㄈㄚ,
515,夜闌人靜,深夜人聲寂靜,ㄧㄝˋ　ㄌㄢˊ　ㄖㄣˊ　ㄐㄧㄥˋ,
516,油然而生,自然而然的產生,ㄧㄡˊ　ㄖㄢˊ　ㄦˊ　ㄕㄥ,
517,有條不紊,指條理分明，有次序而不雜亂,ㄧㄡˇ　ㄊㄧㄠˊ　ㄅㄨˊ　ㄨㄣˋ,
518,有教無類,指施教的對象，沒有貴賤貧富的分別,ㄧㄡˇ　ㄐㄧㄠˋ　ㄨˊ　ㄌㄟˋ,
519,有始有終,比喻做事能貫徹到底,ㄧㄡˇ　ㄕˇ　ㄧㄡˇ　ㄓㄨㄥ,
520,有聲有色,比喻事物的豐富多采,ㄧㄡˇ　ㄕㄥ　ㄧㄡˇ　ㄙㄜˋ,
521,言不由衷,泛指心口不一，虛應敷衍,ㄧㄢˊ　ㄅㄨˋ　ㄧㄡˊ　ㄓㄨㄥ,
522,言多必失,話說多了，必定有出錯的時候,ㄧㄢˊ　ㄉㄨㄛ　ㄅㄧˋ　ㄕ,
523,眼明手快,眼光銳利，動作敏捷,ㄧㄢˇ　ㄇㄧㄥˊ　ㄕㄡˇ　ㄎㄨㄞˋ,
524,眼花撩亂,形容眼睛昏花，心緒迷亂,ㄧㄢˇ　ㄏㄨㄚ　ㄌㄧㄠˊ　ㄌㄨㄢˋ,
525,因材施教,依受教者不同的資材，給予不同的教導,ㄧㄣ　ㄘㄞˊ　ㄕ　ㄐㄧㄠˋ,
526,隱惡揚善,隱藏他人的惡行，宣揚他人的善行,ㄧㄣˇ　ㄜˋ　ㄧㄤˊ　ㄕㄢˋ,
527,迎刃而解,比喻事情很容易處理,ㄧㄥˊ　ㄖㄣˋ　ㄦˊ　ㄐㄧㄝˇ,
528,吳牛喘月,人見到曾受其害類似事物，而過分害怕,ㄨˊ　ㄋㄧㄡˊ　ㄔㄨㄢˇ　ㄩㄝˋ,
529,無孔不入,譏諷人善於鑽營,ㄨˊ　ㄎㄨㄥˇ　ㄅㄨˊ　ㄖㄨˋ,
530,無拘無束,自由而不受約束,ㄨˊ　ㄐㄩ　ㄨˊ　ㄕㄨˋ,
531,無所適從,比喻不知怎麼辦才好,ㄨˊ　ㄙㄨㄛˇ　ㄕˋ　ㄘㄨㄥˊ,
532,無與倫比,比喻沒有能比得上的,ㄨˊ　ㄩˇ　ㄌㄨㄣˊ　ㄅㄧˇ,
533,五彩繽紛,形容色彩鮮豔絢麗,ㄨˇ　ㄘㄞˇ　ㄅㄧㄣ　ㄈㄣ,
534,物換星移,比喻景物的變遷，世事的更替,ㄨˋ　ㄏㄨㄢˋ　ㄒㄧㄥ　ㄧˊ,
535,物以類聚,比喻壞人互相勾結,ㄨˋ　ㄧˇ　ㄌㄟˋ　ㄐㄩˋ,
536,萬夫莫敵,比喻地勢險要，易守難攻,ㄨㄢˋ　ㄈㄨ　ㄇㄛˋ　ㄉㄧˊ,
537,文情並茂,形容文章辭藻、情致俱佳,ㄨㄣˊ　ㄑㄧㄥˊ　ㄅㄧㄥˋ　ㄇㄠˋ,
538,亡命之徒,比喻不顧性命作奸犯科的人,ㄨㄤˊ　ㄇㄧㄥˋ　ㄓ　ㄊㄨˊ,
539,忘恩負義,受人恩惠不知報答，卻做出危害恩人的事,ㄨㄤˋ　ㄣ　ㄈㄨˋ　ㄧˋ,
540,望梅止渴,比喻以空想來安慰自己,ㄨㄤˋ　ㄇㄟˊ　ㄓˇ　ㄎㄜˇ,
541,望洋興歎,比喻因能力不足而自嘆不如或無可奈何,ㄨㄤˋ　ㄧㄤˊ　ㄒㄧㄥ　ㄊㄢˋ,
542,漁翁得利,比喻雙方爭持不下，而使第三者獲利,ㄩˊ　ㄨㄥ　ㄉㄜˊ　ㄌㄧˋ,
543,餘音繞梁,用來形容話語之意味深長,ㄩˊ　ㄧㄣ　ㄖㄠˋ　ㄌㄧㄤˊ,
544,雨過天晴,比喻經過黑暗或動亂之後轉為光明平靜,ㄩˇ　ㄍㄨㄛˋ　ㄊㄧㄢ　ㄑㄧㄥˊ,
545,與眾不同,獨具風格，不與常人相同,ㄩˇ　ㄓㄨㄥˋ　ㄅㄨˋ　ㄊㄨㄥˊ,
546,語無倫次,說話顛三倒四，毫無條理,ㄩˇ　ㄨˊ　ㄌㄨㄣˊ　ㄘˋ,
547,欲罷不能,想要停止卻做不到,ㄩˋ　ㄅㄚˋ　ㄅㄨˋ　ㄋㄥˊ,
548,遇人不淑,女子誤嫁了不好的丈夫,ㄩˋ　ㄖㄣˊ　ㄅㄨˋ　ㄕㄨˊ,
549,原封不動,比喻保持原狀，沒有更動,ㄩㄢˊ　ㄈㄥ　ㄅㄨˋ　ㄉㄨㄥˋ,
550,源源不絕,形容連續不斷,ㄩㄢˊ　ㄩㄢˊ　ㄅㄨˋ　ㄐㄩㄝˊ,
551,緣木求魚,比喻用錯方法，徒勞無功,ㄩㄢˊ　ㄇㄨˋ　ㄑㄧㄡˊ　ㄩˊ,
552,怨天尤人,面對不如意時，歸咎環境，而不知檢討,ㄩㄢˋ　ㄊㄧㄢ　ㄧㄡˊ　ㄖㄣˊ,
553,雲淡風輕,形容天色晴朗美好,ㄩㄣˊ　ㄉㄢˋ　ㄈㄥ　ㄑㄧㄥ,
554,庸人自擾,庸碌的人無端自尋煩惱,ㄩㄥ　ㄖㄣˊ　ㄗˋ　ㄖㄠˇ,
555,永垂不朽,永遠流傳而不可磨滅,ㄩㄥˇ　ㄔㄨㄟˊ　ㄅㄨˋ　ㄒㄧㄡˇ,
556,愛不釋手,喜歡得捨不得放手,ㄞˋ　ㄅㄨˋ　ㄕˋ　ㄕㄡˇ,
557,安步當車,形容態度悠閒從容,ㄢ　ㄅㄨˋ　ㄉㄤ　ㄐㄩ,
558,按部就班,做事依照一定的層次、步驟進行,ㄢˋ　ㄅㄨˋ　ㄐㄧㄡˋ　ㄅㄢ,
559,暗箭傷人,比喻暗中用陰險的手段傷害人,ㄢˋ　ㄐㄧㄢˋ　ㄕㄤ　ㄖㄣˊ,
560,耳目一新,所見所聞有一種新奇、清新的感覺,ㄦˇ　ㄇㄨˋ　ㄧˋ　ㄒㄧㄣ,
561,耳聰目明,腦筋靈敏，聽覺既好，視力也強,ㄦˇ　ㄘㄨㄥ　ㄇㄨˋ　ㄇㄧㄥˊ,
562,巴蛇吞象,比喻人心貪婪無度,ㄅㄚ　ㄕㄜˊ　ㄊㄨㄣ　ㄒㄧㄤˋ,
563,拔苗助長,為求速成而不按事物漸進，無益反而有害,ㄅㄚˊ　ㄇㄧㄠˊ　ㄓㄨˋ　ㄓㄤˇ,
564,白圭之玷,比喻完美的人、事、物上的一點小缺失,ㄅㄞˊ　ㄍㄨㄟ　ㄓ　ㄉㄧㄢˋ,
565,背信棄義,不守信用和道義,ㄅㄟˋ　ㄒㄧㄣˋ　ㄑㄧˋ　ㄧˋ,
566,悲悲切切,悲痛的樣子,ㄅㄟ　ㄅㄟ　ㄑㄧㄝˋ　ㄑㄧㄝˋ,
567,包羅萬象,形容內容豐富，應有盡有,ㄅㄠ　ㄌㄨㄛˊ　ㄨㄢˋ　ㄒㄧㄤˋ,
568,包藏禍心,懷藏詭計，圖謀害人,ㄅㄠ　ㄘㄤˊ　ㄏㄨㄛˋ　ㄒㄧㄣ,
569,暴跳如雷,形容脾氣暴躁,ㄅㄠˋ　ㄊㄧㄠˋ　ㄖㄨˊ　ㄌㄟˊ,
570,暴虎馮河,比喻人做事有勇而無謀,ㄅㄠˋ　ㄏㄨˇ　ㄆㄧㄥˊ　ㄏㄜˊ,
571,閉月羞花,形容女子容貌十分姣好,ㄅㄧˋ　ㄩㄝˋ　ㄒㄧㄡ　ㄏㄨㄚ,
572,避實就虛,比喻攻敵須乘虛而入,ㄅㄧˋ　ㄕˊ　ㄐㄧㄡˋ　ㄒㄩ,
573,別開生面,比喻另外開創新的局面、風格、形式,ㄅㄧㄝˊ　ㄎㄞ　ㄕㄥ　ㄇㄧㄢˋ,
574,鞭長莫及,比喻力量有所不及,ㄅㄧㄢ　ㄔㄤˊ　ㄇㄛˋ　ㄐㄧˊ,
575,遍地開花,比喻好事普遍流傳、蓬勃發展,ㄅㄧㄢˋ　ㄉㄧˋ　ㄎㄞ　ㄏㄨㄚ,
576,冰清玉潔,比喻品行高潔磊落,ㄅㄧㄥ　ㄑㄧㄥ　ㄩˋ　ㄐㄧㄝˊ,
577,兵不血刃,比喻輕易得勝,ㄅㄧㄥ　ㄅㄨˋ　ㄒㄧㄝˇ　ㄖㄣˋ,
578,不辨菽麥,形容人愚昧無知、缺乏常識,ㄅㄨˊ　ㄅㄧㄢˋ　ㄕㄨˊ　ㄇㄞˋ,
579,不乏其人,指那樣的人不少,ㄅㄨˋ　ㄈㄚˊ　ㄑㄧˊ　ㄖㄣˊ,
580,不分軒輊,相比較的結果，分不出高下,ㄅㄨˋ　ㄈㄣ　ㄒㄩㄢ　ㄓˋ,
581,不驕不躁,形容態度穩實,ㄅㄨˋ　ㄐㄧㄠ　ㄅㄨˋ　ㄗㄠˋ,
582,不修邊幅,形容不拘形式小節,ㄅㄨˋ　ㄒㄧㄡ　ㄅㄧㄢ　ㄈㄨˊ,
583,布衣蔬食,形容生活清淡簡樸,ㄅㄨˋ　ㄧ　ㄕㄨ　ㄕˊ,
584,步步為營,比喻行動謹慎，防備周全,ㄅㄨˋ　ㄅㄨˋ　ㄨㄟˊ　ㄧㄥˊ,
585,波濤洶湧,像波濤般起伏不定,ㄅㄛ　ㄊㄠˊ　ㄒㄩㄥ　ㄩㄥˇ,
586,旁徵博引,多方引證，以資徵信,ㄆㄤˊ　ㄓㄥ　ㄅㄛˊ　ㄧㄣˇ,
587,披荊斬棘,比喻克服困難、掃除障礙,ㄆㄧ　ㄐㄧㄥ　ㄓㄢˇ　ㄐㄧˊ,
588,默默無聞,平凡、沒有名氣,ㄇㄛˋ　ㄇㄛˋ　ㄨˊ　ㄨㄣˊ,
589,賣國求榮,出賣國家，謀求個人的榮華富貴,ㄇㄞˋ　ㄍㄨㄛˊ　ㄑㄧㄡˊ　ㄖㄨㄥˊ,
590,沒精打采,沒有精神、提不起勁來,ㄇㄟˊ　ㄐㄧㄥ　ㄉㄚˇ　ㄘㄞˇ,
591,美如冠玉,比喻男子貌美,ㄇㄟˇ　ㄖㄨˊ　ㄍㄨㄢ　ㄩˋ,
592,毛骨悚然,形容極端驚懼害怕悚然，恐懼之意,ㄇㄠˊ　ㄍㄨˇ　ㄙㄨㄥˇ　ㄖㄢˊ,
593,茅塞頓開,比喻閉塞的心思，頓時豁然了悟,ㄇㄠˊ　ㄙㄜˋ　ㄉㄨㄣˋ　ㄎㄞ,
594,滿目瘡痍,映入眼中都是殘破不堪的悲涼景象,ㄇㄢˇ　ㄇㄨˋ　ㄔㄨㄤ　ㄧˊ,
595,滿腹狐疑,形容充滿疑惑，無法確定,ㄇㄢˇ　ㄈㄨˋ　ㄏㄨˊ　ㄧˊ,
596,滿城風雨,事情經傳出，便流言四起，到處議論紛紛,ㄇㄢˇ　ㄔㄥˊ　ㄈㄥ　ㄩˇ,
597,慢條斯理,從容不迫的樣子,ㄇㄢˋ　ㄊㄧㄠˊ　ㄙ　ㄌㄧˇ,
598,米珠薪桂,比喻物價昂貴,ㄇㄧˇ　ㄓㄨ　ㄒㄧㄣ　ㄍㄨㄟˋ,
599,面面相覷,形容驚懼、詫異而不知所措的樣子,ㄇㄧㄢˋ　ㄇㄧㄢˋ　ㄒㄧㄤ　ㄑㄩˋ,
600,面如土色,形容驚恐到了極點,ㄇㄧㄢˋ　ㄖㄨˊ　ㄊㄨˇ　ㄙㄜˋ,
601,民康物阜,人民生活安康，物產豐富,ㄇㄧㄣˊ　ㄎㄤ　ㄨˋ　ㄈㄨˋ,
602,民怨沸騰,百姓的怨怒已達到頂點,ㄇㄧㄣˊ　ㄩㄢˋ　ㄈㄟˋ　ㄊㄥˊ,
603,名垂青史,名聲傳垂於歷史,ㄇㄧㄥˊ　ㄔㄨㄟˊ　ㄑㄧㄥ　ㄕˇ,
604,明槍暗箭,比喻公開或暗中的種種攻擊,ㄇㄧㄥˊ　ㄑㄧㄤ　ㄢˋ　ㄐㄧㄢˋ,
605,明修棧道,以不相干的行動吸引注意達成目的,ㄇㄧㄥˊ　ㄒㄧㄡ　ㄓㄢˋ　ㄉㄠˋ,
606,明日黃花,指錯過重陽節時令賞菊就毫無興味,ㄇㄧㄥˊ　ㄖˋ　ㄏㄨㄤˊ　ㄏㄨㄚ,
607,命若懸絲,比喻生命垂危,ㄇㄧㄥˋ　ㄖㄨㄛˋ　ㄒㄩㄢˊ　ㄙ,
608,乏善可陳,沒有什麼長處值得讚許訴說的,ㄈㄚˊ　ㄕㄢˋ　ㄎㄜˇ　ㄔㄣˊ,
609,匪夷所思,非一般人所能想像的，帶有貶意,ㄈㄟˇ　ㄧˊ　ㄙㄨㄛˇ　ㄙ,
610,分庭抗禮,比喻地位相當,ㄈㄣ　ㄊㄧㄥˊ　ㄎㄤˋ　ㄌㄧˇ,
611,紛至沓來,形容事物紛紛不斷地到來,ㄈㄣ　ㄓˋ　ㄊㄚˋ　ㄌㄞˊ,
612,忿忿不平,因憤怒而心中感到不平,ㄈㄣˋ　ㄈㄣˋ　ㄅㄨˋ　ㄆㄧㄥˊ,
613,奮不顧身,奮勇向前，不顧生死,ㄈㄣˋ　ㄅㄨˊ　ㄍㄨˋ　ㄕㄣ,
614,風起雲湧,形容氣勢雄偉,ㄈㄥ　ㄑㄧˇ　ㄩㄣˊ　ㄩㄥˇ,
615,風馳電掣,形容速度極快,ㄈㄥ　ㄔˊ　ㄉㄧㄢˋ　ㄔㄜˋ,
616,風雨飄搖,比喻時局動盪不安，極不穩定,ㄈㄥ　ㄩˇ　ㄆㄧㄠ　ㄧㄠˊ,
617,扶弱抑強,幫助弱小，壓制強暴,ㄈㄨˊ　ㄖㄨㄛˋ　ㄧˋ　ㄑㄧㄤˊ,
618,浮雲蔽日,比喻奸邪蒙蔽君主，忠良之士不得申其才,ㄈㄨˊ　ㄩㄣˊ　ㄅㄧˋ　ㄖˋ,
619,俯拾皆是,形容到處都有，很容易取得,ㄈㄨˇ　ㄕˊ　ㄐㄧㄝ　ㄕˋ,
620,大放厥詞,發表誇張的言詞,ㄉㄚˋ　ㄈㄤˋ　ㄐㄩㄝˊ　ㄘˊ,
621,大義凜然,為了公理正義，堅強不可侵犯的樣子,ㄉㄚˋ　ㄧˋ　ㄌㄧㄣˇ　ㄖㄢˊ,
622,得隴望蜀,比喻貪得無厭，不知滿足,ㄉㄜˊ　ㄌㄨㄥˇ　ㄨㄤˋ　ㄕㄨˇ,
623,刀山火海,比喻非常危險和困難的地方,ㄉㄠ　ㄕㄢ　ㄏㄨㄛˇ　ㄏㄞˇ,
624,道貌岸然,形容外表莊重嚴肅的樣子,ㄉㄠˋ　ㄇㄠˋ　ㄢˋ　ㄖㄢˊ,
625,當機立斷,當下立刻作出決斷，毫不遲疑,ㄉㄤ　ㄐㄧ　ㄌㄧˋ　ㄉㄨㄢˋ,
626,滴水不漏,周密細緻，無一疏漏,ㄉㄧ　ㄕㄨㄟˇ　ㄅㄨˋ　ㄌㄡˋ,
627,丟盔棄甲,形容狼狽敗逃的樣子,ㄉㄧㄡ　ㄎㄨㄟ　ㄑㄧˋ　ㄐㄧㄚˇ,
628,獨具匠心,具有獨創性的想法、構思,ㄉㄨˊ　ㄐㄩˋ　ㄐㄧㄤˋ　ㄒㄧㄣ,
629,獨樹一幟,比喻自成一家，獨具風格,ㄉㄨˊ　ㄕㄨˋ　ㄧ　ㄓˋ,
630,多此一舉,做不必要的、多餘的事情,ㄉㄨㄛ　ㄘˇ　ㄧ　ㄐㄩˇ,
631,動人心弦,感人至為深切，引起觀聽人的共鳴,ㄉㄨㄥˋ　ㄖㄣˊ　ㄒㄧㄣ　ㄒㄧㄢˊ,
632,泰然自若,遇緊急危難時，仍沉著鎮定不驚惶,ㄊㄞˋ　ㄖㄢˊ　ㄗˋ　ㄖㄨㄛˋ,
633,彈指之間,形容極短暫的時間,ㄊㄢˊ　ㄓˇ　ㄓ　ㄐㄧㄢ,
634,鐵畫銀鉤,形容筆畫如鐵般剛勁，如銀般的柔媚,ㄊㄧㄝˇ　ㄏㄨㄚˋ　ㄧㄣˊ　ㄍㄡ,
635,鐵證如山,證據確鑿，就像山一樣不能動搖,ㄊㄧㄝˇ　ㄓㄥˋ　ㄖㄨˊ　ㄕㄢ,
636,鐵樹開花,比喻事物罕見或極難實現,ㄊㄧㄝˇ　ㄕㄨˋ　ㄎㄞ　ㄏㄨㄚ,
637,挑肥揀瘦,為了個人利益，反覆挑選對自己有利的,ㄊㄧㄠ　ㄈㄟˊ　ㄐㄧㄢˇ　ㄕㄡˋ,
638,調兵遣將,指調動部署人力,ㄉㄧㄠˋ　ㄅㄧㄥ　ㄑㄧㄢˇ　ㄐㄧㄤˋ,
639,天淵之別,天與地相距極遠比喻相差極大,ㄊㄧㄢ　ㄩㄢ　ㄓ　ㄅㄧㄝˊ,
640,甜言蜜語,甜美動聽的言語,ㄊㄧㄢˊ　ㄧㄢˊ　ㄇㄧˋ　ㄩˇ,
641,土豪劣紳,指橫行鄉里、仗勢欺人的惡勢力,ㄊㄨˇ　ㄏㄠˊ　ㄌㄧㄝˋ　ㄕㄣ,
642,吐故納新,用以比喻揚棄舊有的，吸取新的事物,ㄊㄨˇ　ㄍㄨˋ　ㄋㄚˋ　ㄒㄧㄣ,
643,兔死狐悲,比喻因同類的不幸遭遇而感到悲傷,ㄊㄨˋ　ㄙˇ　ㄏㄨˊ　ㄅㄟ,
644,退避三舍,比喻主動退讓，不與人相爭,ㄊㄨㄟˋ　ㄅㄧˋ　ㄙㄢ　ㄕㄜˋ,
645,吞吞吐吐,形容說話不直接，要說不說的樣子,ㄊㄨㄣ　ㄊㄨㄣ　ㄊㄨˇ　ㄊㄨˇ,
646,南橘北枳,比喻事物會因環境條件不同而產生變異,ㄋㄢˊ　ㄐㄩˊ　ㄅㄟˇ　ㄓˇ,
647,能屈能伸,失意時克制忍耐，得意時施展抱負,ㄋㄥˊ　ㄑㄩ　ㄋㄥˊ　ㄕㄣ,
648,寧缺毋濫,寧可沒有也不要不顧品質，只求數量,ㄋㄧㄥˊ　ㄑㄩㄝ　ㄨˊ　ㄌㄢˋ,
649,怒不可遏,形容憤怒之極,ㄋㄨˋ　ㄅㄨˋ　ㄎㄜˇ　ㄜˋ,
650,怒目切齒,形容憤怒、痛恨到了極點,ㄋㄨˋ　ㄇㄨˋ　ㄑㄧㄝˋ　ㄔˇ,
651,老態龍鍾,形容年老體衰，行動遲緩不靈活,ㄌㄠˇ　ㄊㄞˋ　ㄌㄨㄥˊ　ㄓㄨㄥ,
652,濫竽充數,用於自謙，比喻自己才德不足,ㄌㄢˋ　ㄩˊ　ㄔㄨㄥ　ㄕㄨˋ,
653,歷盡滄桑,比喻經歷無數事故與變化,ㄌㄧˋ　ㄐㄧㄣˋ　ㄘㄤ　ㄙㄤ,
654,寥寥無幾,數量極少,ㄌㄧㄠˊ　ㄌㄧㄠˊ　ㄨˊ　ㄐㄧˇ,
655,寥若晨星,形容數量稀少,ㄌㄧㄠˊ　ㄖㄨㄛˋ　ㄔㄣˊ　ㄒㄧㄥ,
656,料事如神,預測事情發展像神一般非常準確,ㄌㄧㄠˋ　ㄕˋ　ㄖㄨˊ　ㄕㄣˊ,
657,流水無情,比喻人對對方沒有情意,ㄌㄧㄡˊ　ㄕㄨㄟˇ　ㄨˊ　ㄑㄧㄥˊ,
658,流言蜚語,製造不實的傳言，用來詆毀他人,ㄌㄧㄡˊ　ㄧㄢˊ　ㄈㄟ　ㄩˇ,
659,琳瑯滿目,形容滿眼所見都是珍美的東西,ㄌㄧㄣˊ　ㄌㄤˊ　ㄇㄢˇ　ㄇㄨˋ,
660,兩袖清風,作官廉潔，毫無貪贓枉法之事,ㄌㄧㄤˇ　ㄒㄧㄡˋ　ㄑㄧㄥ　ㄈㄥ,
661,靈機一動,心思忽然有所領悟,ㄌㄧㄥˊ　ㄐㄧ　ㄧ　ㄉㄨㄥˋ,
662,洛陽紙貴,形容著作風行一時，流傳甚廣,ㄌㄨㄛˋ　ㄧㄤˊ　ㄓˇ　ㄍㄨㄟˋ,
663,落月屋梁,表示對故友深切的思念,ㄌㄨㄛˋ　ㄩㄝˋ　ㄨ　ㄌㄧㄤˊ,
664,犖犖大者,非常明顯、明確,ㄌㄨㄛˋ　ㄌㄨㄛˋ　ㄉㄚˋ　ㄓㄜˇ,
665,淪肌浹髓,比喻感受深刻或受到深厚的恩惠,ㄌㄨㄣˊ　ㄐㄧ　ㄐㄧㄚˊ　ㄙㄨㄟˇ,
666,龍騰虎躍,形容其人身手如龍虎般矯健,ㄌㄨㄥˊ　ㄊㄥˊ　ㄏㄨˇ　ㄩㄝˋ,
667,綠水青山,形容風景的秀麗,ㄌㄩˋ　ㄕㄨㄟˇ　ㄑㄧㄥ　ㄕㄢ,
668,各執一詞,各有各的說法和理由，兩方說法不一致,ㄍㄜˋ　ㄓˊ　ㄧ　ㄘˊ,
669,改邪歸正,指改正錯誤的行為，返回正途,ㄍㄞˇ　ㄒㄧㄝˊ　ㄍㄨㄟ　ㄓㄥˋ,
670,高山流水,比喻知音才懂的音樂,ㄍㄠ　ㄕㄢ　ㄌㄧㄡˊ　ㄕㄨㄟˇ,
671,高山仰止,用於哀輓老年男性喪者的輓辭,ㄍㄠ　ㄕㄢ　ㄧㄤˇ　ㄓˇ,
672,槁木死灰,形容人因遭受挫折變故而灰心絕望,ㄍㄠˇ　ㄇㄨˋ　ㄙˇ　ㄏㄨㄟ,
673,告朔餼羊,比喻徒有形式或虛應故事,ㄍㄨˋ　ㄕㄨㄛˋ　ㄒㄧˋ　ㄧㄤˊ,
674,肝膽相照,比喻赤忱相處,ㄍㄢ　ㄉㄢˇ　ㄒㄧㄤ　ㄓㄠˋ,
675,肝腸寸斷,比喻悲傷到了極點,ㄍㄢ　ㄔㄤˊ　ㄘㄨㄣˋ　ㄉㄨㄢˋ,
676,感慨萬千,內心感觸良多而發出深遠的慨嘆,ㄍㄢˇ　ㄎㄞˇ　ㄨㄢˋ　ㄑㄧㄢ,
677,孤芳自賞,比喻自命清高，自我欣賞,ㄍㄨ　ㄈㄤ　ㄗˋ　ㄕㄤˇ,
678,孤苦伶仃,形容孤單貧苦，無依無助,ㄍㄨ　ㄎㄨˇ　ㄌㄧㄥˊ　ㄉㄧㄥ,
679,孤雲野鶴,比喻閒逸自在，不求名利的隱士,ㄍㄨ　ㄩㄣˊ　ㄧㄝˇ　ㄏㄜˋ,
680,古為今用,吸收古代的優點，棄缺點，使現代更進步,ㄍㄨˇ　ㄨㄟˊ　ㄐㄧㄣ　ㄩㄥˋ,
681,古往今來,由古至今,ㄍㄨˇ　ㄨㄤˇ　ㄐㄧㄣ　ㄌㄞˊ,
682,故弄玄虛,故意玩弄花招，使人迷惑，無法捉摸,ㄍㄨˋ　ㄋㄨㄥˋ　ㄒㄩㄢˊ　ㄒㄩ,
683,顧此失彼,指做事時不能全面兼顧,ㄍㄨˋ　ㄘˇ　ㄕ　ㄅㄧˇ,
684,瓜瓞綿綿,比喻子孫繁盛、傳世久遠,ㄍㄨㄚ　ㄉㄧㄝˊ　ㄇㄧㄢˊ　ㄇㄧㄢˊ,
685,寡廉鮮恥,比喻不知羞恥,ㄍㄨㄚˇ　ㄌㄧㄢˊ　ㄒㄧㄢˇ　ㄔˇ,
686,過眼煙雲,比喻事物消逝極快，不留痕跡,ㄍㄨㄛˋ　ㄧㄢˇ　ㄧㄢ　ㄩㄣˊ,
687,拐彎抹角,比喻說話或做事不直爽,ㄍㄨㄞˇ　ㄨㄢ　ㄇㄛˋ　ㄐㄧㄠˇ,
688,詭計多端,有各式各樣狡猾陰險的壞主意,ㄍㄨㄟˇ　ㄐㄧˋ　ㄉㄨㄛ　ㄉㄨㄢ,
689,觀者如雲,觀看的人很多，像雲朵般連成一片,ㄍㄨㄢ　ㄓㄜˇ　ㄖㄨˊ　ㄩㄣˊ,
690,冠絕古今,比喻高於一切，無人可比得上,ㄍㄨㄢˋ　ㄐㄩㄝˊ　ㄍㄨˇ　ㄐㄧㄣ,
691,功成不居,建立了功勞而不歸功於自己,ㄍㄨㄥ　ㄔㄥˊ　ㄅㄨˋ　ㄐㄩ,
692,功成名就,事業有所成就，而且有名望,ㄍㄨㄥ　ㄔㄥˊ　ㄇㄧㄥˊ　ㄐㄧㄡˋ,
693,功業彪炳,功勞勛業顯著,ㄍㄨㄥ　ㄧㄝˋ　ㄅㄧㄠ　ㄅㄧㄥˇ,
694,刻舟求劍,比喻拘泥固執，不知變通,ㄎㄜˋ　ㄓㄡ　ㄑㄧㄡˊ　ㄐㄧㄢˋ,
695,溘然長逝,謂人死亡,ㄎㄜˋ　ㄖㄢˊ　ㄔㄤˊ　ㄕˋ,
696,慷慨解囊,指輕財仗義，毫不吝嗇地捐助錢財給人,ㄎㄤ　ㄎㄞˇ　ㄐㄧㄝˇ　ㄋㄤˊ,
697,誇誇其談,言談浮誇，不切實際,ㄎㄨㄚ　ㄎㄨㄚ　ㄑㄧˊ　ㄊㄢˊ,
698,膾炙人口,比喻事物精妙而備受稱誦,ㄎㄨㄞˋ　ㄓˋ　ㄖㄣˊ　ㄎㄡˇ,
699,狂風暴雨,巨大風雨，亦比喻處境動盪不安,ㄎㄨㄤˊ　ㄈㄥ　ㄅㄠˋ　ㄩˇ,
700,鶴髮童顏,形容老人氣色好、有精神,ㄏㄜˋ　ㄈㄚˇ　ㄊㄨㄥˊ　ㄧㄢˊ,
701,駭人聽聞,令人聽了十分震驚,ㄏㄞˋ　ㄖㄣˊ　ㄊㄧㄥ　ㄨㄣˊ,
702,豪言壯語,豪壯有氣魄的話,ㄏㄠˊ　ㄧㄢˊ　ㄓㄨㄤˋ　ㄩˇ,
703,浩如煙海,形容書籍、文獻資料等非常豐富,ㄏㄠˋ　ㄖㄨˊ　ㄧㄢ　ㄏㄞˇ,
704,厚今薄古,重視當代，把古代置於次要地位,ㄏㄡˋ　ㄐㄧㄣ　ㄅㄛˊ　ㄍㄨˇ,
705,厚此薄彼,對人或事不一視同仁，而有所偏頗,ㄏㄡˋ　ㄘˇ　ㄅㄛˊ　ㄅㄧˇ,
706,含糊其辭,話說得不清楚、不明白,ㄏㄢˊ　ㄏㄨˊ　ㄑㄧˊ　ㄘˊ,
707,含飴弄孫,形容老年人恬適悠閒的生活樂趣,ㄏㄢˊ　ㄧˊ　ㄋㄨㄥˋ　ㄙㄨㄣ,
708,邯鄲學步,比喻模仿不成，反而失去自我,ㄏㄢˊ　ㄉㄢ　ㄒㄩㄝˊ　ㄅㄨˋ,
709,和盤托出,比喻毫無保留的全部拿出來或說出來,ㄏㄜˊ　ㄆㄢˊ　ㄊㄨㄛ　ㄔㄨ,
710,和風細雨,和煦微風、小雨，比喻態度和緩、不粗暴,ㄏㄜˊ　ㄈㄥ　ㄒㄧˋ　ㄩˇ,
711,囫圇吞棗,比喻理解事物籠統含糊，或為學不求甚解,ㄏㄨˊ　ㄌㄨㄣˊ　ㄊㄨㄣ　ㄗㄠˇ,
712,狐群狗黨,比喻相互勾結、為非作歹的人,ㄏㄨˊ　ㄑㄩㄣˊ　ㄍㄡˇ　ㄉㄤˇ,
713,胡思亂想,謂不切實際地妄想,ㄏㄨˊ　ㄙ　ㄌㄨㄢˋ　ㄒㄧㄤˇ,
714,胡言亂語,沒有根據、沒有條理的隨意說話,ㄏㄨˊ　ㄧㄢˊ　ㄌㄨㄢˋ　ㄩˇ,
715,虎背熊腰,形容人的體型魁偉,ㄏㄨˇ　ㄅㄟˋ　ㄒㄩㄥˊ　ㄧㄠ,
716,花團錦簇,形容繁花茂盛,ㄏㄨㄚ　ㄊㄨㄢˊ　ㄐㄧㄣˇ　ㄘㄨˋ,
717,花好月圓,比喻人事美好圓滿,ㄏㄨㄚ　ㄏㄠˇ　ㄩㄝˋ　ㄩㄢˊ,
718,花紅柳綠,春天花木繁盛，景色美好比喻顏色鮮豔,ㄏㄨㄚ　ㄏㄨㄥˊ　ㄌㄧㄡˇ　ㄌㄩˋ,
719,華而不實,比喻虛浮而不切實際,ㄏㄨㄚˊ　ㄦˊ　ㄅㄨˋ　ㄕˊ,
720,畫龍點睛,做事能握要點，讓整件事更加圓滿,ㄏㄨㄚˋ　ㄌㄨㄥˊ　ㄉㄧㄢˇ　ㄐㄧㄥ,
721,豁然開朗,心境忽然變得開闊暢快、領悟道理,ㄏㄨㄛˋ　ㄖㄢˊ　ㄎㄞ　ㄌㄤˇ,
722,揮汗如雨,比喻流汗很多,ㄏㄨㄟ　ㄏㄢˋ　ㄖㄨˊ　ㄩˇ,
723,諱莫如深,喻將事情隱瞞得嚴密，不為外人所知,ㄏㄨㄟˋ　ㄇㄛˋ　ㄖㄨˊ　ㄕㄣ,
724,繪聲繪色,講述事物，十分深刻、生動逼真,ㄏㄨㄟˋ　ㄕㄥ　ㄏㄨㄟˋ　ㄙㄜˋ,
725,還我河山,收復失去的國土,ㄏㄨㄢˊ　ㄨㄛˇ　ㄏㄜˊ　ㄕㄢ,
726,荒誕不經,荒唐而不近情理,ㄏㄨㄤ　ㄉㄢˋ　ㄅㄨˋ　ㄐㄧㄥ,
727,荒煙蔓草,形容荒蕪蒼涼,ㄏㄨㄤ　ㄧㄢ　ㄇㄢˋ　ㄘㄠˇ,
728,烘雲托月,不從正面描繪，從側面點染以烘托出重點,ㄏㄨㄥ　ㄩㄣˊ　ㄊㄨㄛ　ㄩㄝˋ,
729,洪水猛獸,比喻巨烈的禍害,ㄏㄨㄥˊ　ㄕㄨㄟˇ　ㄇㄥˇ　ㄕㄡˋ,
730,飢腸轆轆,形容非常飢餓的樣子,ㄐㄧ　ㄔㄤˊ　ㄌㄨˋ　ㄌㄨˋ,
731,雞皮鶴髮,形容老人的形貌,ㄐㄧ　ㄆㄧˊ　ㄏㄜˋ　ㄈㄚˇ,
732,岌岌可危,形容非常危險,ㄐㄧˊ　ㄐㄧˊ　ㄎㄜˇ　ㄨㄟˊ,
733,急流勇退,比喻人於得意順遂時，及時隱退,ㄐㄧˊ　ㄌㄧㄡˊ　ㄩㄥˇ　ㄊㄨㄟˋ,
734,急如星火,形容情勢急迫,ㄐㄧˊ　ㄖㄨˊ　ㄒㄧㄥ　ㄏㄨㄛˇ,
735,疾風勁草,艱難的環境，考驗出人的堅強意志,ㄐㄧˊ　ㄈㄥ　ㄐㄧㄥˋ　ㄘㄠˇ,
736,集腋成裘,比喻積少成多,ㄐㄧˊ　ㄧˋ　ㄔㄥˊ　ㄑㄧㄡˊ,
737,計上心來,心中想出對策來,ㄐㄧˋ　ㄕㄤˋ　ㄒㄧㄣ　ㄌㄞˊ,
738,濟弱扶傾,救濟扶助弱小或遭到危難的人或國家,ㄐㄧˋ　ㄖㄨㄛˋ　ㄈㄨˊ　ㄑㄧㄥ,
739,假仁假義,虛偽的善心，故意裝出來的好意,ㄐㄧㄚˇ　ㄖㄣˊ　ㄐㄧㄚˇ　ㄧˋ,
740,價廉物美,價錢低而品質好,ㄐㄧㄚˋ　ㄌㄧㄢˊ　ㄨˋ　ㄇㄟˇ,
741,接踵摩肩,形容人多擁擠不堪,ㄐㄧㄝ　ㄓㄨㄥˇ　ㄇㄛˊ　ㄐㄧㄢ,
742,接踵而至,一個接著一個，形容連續不斷,ㄐㄧㄝ　ㄓㄨㄥˇ　ㄦˊ　ㄓˋ,
743,竭智盡忠,奉獻最大的才智與忠誠,ㄐㄧㄝˊ　ㄓˋ　ㄐㄧㄣˋ　ㄓㄨㄥ,
744,櫛風沐雨,比喻在外奔走，極為辛勞,ㄐㄧㄝˊ　ㄈㄥ　ㄇㄨˋ　ㄩˇ,
745,戒驕戒躁,禁絕驕傲和急躁,ㄐㄧㄝˋ　ㄐㄧㄠ　ㄐㄧㄝˋ　ㄗㄠˋ,
746,絞盡腦汁,形容費盡腦力，竭盡心思,ㄐㄧㄠˇ　ㄐㄧㄣˋ　ㄋㄠˇ　ㄓ,
747,矯矯不群,儀表品格超群出眾,ㄐㄧㄠˇ　ㄐㄧㄠˇ　ㄅㄨˋ　ㄑㄩㄣˊ,
748,叫苦連天,表示痛苦到了極點,ㄐㄧㄠˋ　ㄎㄨˇ　ㄌㄧㄢˊ　ㄊㄧㄢ,
749,鳩佔鵲巢,比喻坐享其成,ㄐㄧㄡ　ㄓㄢˋ　ㄑㄩㄝˋ　ㄔㄠˊ,
750,九霄雲外,比喻天上極其高遠之處,ㄐㄧㄡˇ　ㄒㄧㄠ　ㄩㄣˊ　ㄨㄞˋ,
751,九死一生,比喻生命跡象微弱，瀕臨死亡,ㄐㄧㄡˇ　ㄙˇ　ㄧˋ　ㄕㄥ,
752,咎由自取,所有的罪過、災禍都是自己造成的,ㄐㄧㄡˋ　ㄧㄡˊ　ㄗˋ　ㄑㄩˇ,
753,尖酸刻薄,待人苛刻或言辭銳利,ㄐㄧㄢ　ㄙㄨㄢ　ㄎㄜˋ　ㄅㄛˊ,
754,堅苦卓絕,堅毅刻苦的精神超越常人,ㄐㄧㄢ　ㄎㄨˇ　ㄓㄨㄛˊ　ㄐㄩㄝˊ,
755,見利忘義,見到有利可圖就不顧道義,ㄐㄧㄢˋ　ㄌㄧˋ　ㄨㄤˋ　ㄧˋ,
756,健步如飛,形容人步行的速度像飛行一般快速,ㄐㄧㄢˋ　ㄅㄨˋ　ㄖㄨˊ　ㄈㄟ,
757,劍拔弩張,形容形勢緊張或聲勢逼人,ㄐㄧㄢˋ　ㄅㄚˊ　ㄋㄨˇ　ㄓㄤ,
758,劍及履及,行動果決、快速，迫不及待的樣子,ㄐㄧㄢˋ　ㄐㄧˊ　ㄌㄩˇ　ㄐㄧˊ,
759,金蘭之交,情意相投的好朋友,ㄐㄧㄣ　ㄌㄢˊ　ㄓ　ㄐㄧㄠ,
760,津津樂道,形容很有興味地談論,ㄐㄧㄣ　ㄐㄧㄣ　ㄌㄜˋ　ㄉㄠˋ,
761,謹言慎行,指言談小心，行事謹慎,ㄐㄧㄣˇ　ㄧㄢˊ　ㄕㄣˋ　ㄒㄧㄥˊ,
762,噤若寒蟬,寒冷季節的蟬，一聲不響，比喻不敢說話,ㄐㄧㄣˋ　ㄖㄨㄛˋ　ㄏㄢˊ　ㄔㄢˊ,
763,江山如畫,形容風景名勝如畫境般美麗,ㄐㄧㄤ　ㄕㄢ　ㄖㄨˊ　ㄏㄨㄚˋ,
764,將信將疑,對事情的真假，無法明確判斷,ㄐㄧㄤ　ㄒㄧㄣˋ　ㄐㄧㄤ　ㄧˊ,
765,精疲力竭,形容極為疲累,ㄐㄧㄥ　ㄆㄧˊ　ㄌㄧˋ　ㄐㄧㄝˊ,
766,精雕細琢,做事仔細用心，多指藝術品的創作,ㄐㄧㄥ　ㄉㄧㄠ　ㄒㄧˋ　ㄓㄨㄛˊ,
767,精衛填海,比喻意志堅定，不懼艱苦,ㄐㄧㄥ　ㄨㄟˋ　ㄊㄧㄢˊ　ㄏㄞˇ,
768,敬業樂群,稱人敬守職業，愛好結交朋友,ㄐㄧㄥˋ　ㄧㄝˋ　ㄧㄠˋ　ㄑㄩㄣˊ,
769,居功自傲,憑藉著自己的功勞而驕傲自滿,ㄐㄩ　ㄍㄨㄥ　ㄗˋ　ㄠˋ,
770,舉不勝舉,列舉不完，形容數量極多,ㄐㄩˇ　ㄅㄨˋ　ㄕㄥ　ㄐㄩˇ,
771,舉足輕重,地位極為重要，一舉一動皆足以影響全局,ㄐㄩˇ　ㄗㄨˊ　ㄑㄧㄥ　ㄓㄨㄥˋ,
772,踽踽獨行,孤單無伴的走著,ㄐㄩˇ　ㄐㄩˇ　ㄉㄨˊ　ㄒㄧㄥˊ,
773,鉅細靡遺,比喻做事很仔細,ㄐㄩˋ　ㄒㄧˋ　ㄇㄧˇ　ㄧˊ,
774,絕無僅有,只此一個，絕無其他，形容極為稀少,ㄐㄩㄝˊ　ㄨˊ　ㄐㄧㄣˇ　ㄧㄡˇ,
775,炯炯有神,形容目光明亮而有精神,ㄐㄩㄥˇ　ㄐㄩㄥˇ　ㄧㄡˇ　ㄕㄣˊ,
776,起死回生,比喻毫無希望的情勢扭轉過來,ㄑㄧˇ　ㄙˇ　ㄏㄨㄟˊ　ㄕㄥ,
777,氣勢洶洶,形容盛怒時，氣勢凶猛的樣子,ㄑㄧˋ　ㄕˋ　ㄒㄩㄥ　ㄒㄩㄥ,
778,棄暗投明,人生道路抉擇認清是非，走向光明正道,ㄑㄧˋ　ㄢˋ　ㄊㄡˊ　ㄇㄧㄥˊ,
779,竊竊私語,私下密語,ㄑㄧㄝˋ　ㄑㄧㄝˋ　ㄙ　ㄩˇ,
780,秋毫無犯,比喻對任何東西都不侵犯、不動用,ㄑㄧㄡ　ㄏㄠˊ　ㄨˊ　ㄈㄢˋ,
781,求同存異,求取共同點、保留相異處,ㄑㄧㄡˊ　ㄊㄨㄥˊ　ㄘㄨㄣˊ　ㄧˋ,
782,千古絕唱,千古以來，絕無僅有的佳作,ㄑㄧㄢ　ㄍㄨˇ　ㄐㄩㄝˊ　ㄔㄤˋ,
783,千山萬水,比喻路途遙遠，險阻甚多,ㄑㄧㄢ　ㄕㄢ　ㄨㄢˋ　ㄕㄨㄟˇ,
784,千載難逢,形容機會極為難得,ㄑㄧㄢ　ㄗㄞˇ　ㄋㄢˊ　ㄈㄥˊ,
785,牽強附會,比喻生拉硬扯，勉強湊合,ㄑㄧㄢ　ㄑㄧㄤˇ　ㄈㄨˋ　ㄏㄨㄟˋ,
786,謙沖自牧,為人處事謙和，修養自我的德性,ㄑㄧㄢ　ㄔㄨㄥ　ㄗˋ　ㄇㄨˋ,
787,前所未聞,從來未曾聽說過,ㄑㄧㄢˊ　ㄙㄨㄛˇ　ㄨㄟˋ　ㄨㄣˊ,
788,前因後果,事情的起因和結果,ㄑㄧㄢˊ　ㄧㄣ　ㄏㄡˋ　ㄍㄨㄛˇ,
789,親密無間,關係非常密切而毫無隔閡,ㄑㄧㄣ　ㄇㄧˋ　ㄨˊ　ㄐㄧㄢˋ,
790,寢食難安,形容憂慮煩亂的樣子,ㄑㄧㄣˇ　ㄕˊ　ㄋㄢˊ　ㄢ,
791,槍林彈雨,形容戰爭猛烈,ㄑㄧㄤ　ㄌㄧㄣˊ　ㄉㄢˋ　ㄩˇ,
792,強詞奪理,形容沒有道理卻強為狡辯，硬說成有理,ㄑㄧㄤˇ　ㄘˊ　ㄉㄨㄛˊ　ㄌㄧˇ,
793,青紅皂白,比喻事情的是非情由,ㄑㄧㄥ　ㄏㄨㄥˊ　ㄗㄠˋ　ㄅㄞˊ,
794,情深似海,情愛如海一般深,ㄑㄧㄥˊ　ㄕㄣ　ㄙˋ　ㄏㄞˇ,
795,晴天霹靂,比喻突發的驚人事件,ㄑㄧㄥˊ　ㄊㄧㄢ　ㄆㄧ　ㄌㄧˋ,
796,罄竹難書,形容罪狀極多,ㄑㄧㄥˋ　ㄓㄨˊ　ㄋㄢˊ　ㄕㄨ,
797,取長補短,吸取他人長處，彌補自己的缺憾和不足,ㄑㄩˇ　ㄔㄤˊ　ㄅㄨˇ　ㄉㄨㄢˇ,
798,全心全意,投入全副精神力氣，專心一致,ㄑㄩㄢˊ　ㄒㄧㄣ　ㄑㄩㄢˊ　ㄧˋ,
799,窮源溯流,探究事物的根源及其沿革流變,ㄑㄩㄥˊ　ㄩㄢˊ　ㄙㄨˋ　ㄌㄧㄡˊ,
800,熙熙攘攘,形容人來人往，喧鬧紛雜的樣子,ㄒㄧ　ㄒㄧ　ㄖㄤˊ　ㄖㄤˊ,
801,喜笑顏開,形容心中喜悅而眉開眼笑的樣子,ㄒㄧˇ　ㄒㄧㄠˋ　ㄧㄢˊ　ㄎㄞ,
802,喜出望外,指因意想不到的事感到欣喜,ㄒㄧˇ　ㄔㄨ　ㄨㄤˋ　ㄨㄞˋ,
803,斜風細雨,形容春天煙雨迷濛的情景,ㄒㄧㄝˊ　ㄈㄥ　ㄒㄧˋ　ㄩˇ,
804,血流成河,形容戰場上死傷的慘重,ㄒㄩㄝˋ　ㄌㄧㄡˊ　ㄔㄥˊ　ㄏㄜˊ,
805,血雨腥風,形容殺戮的慘酷,ㄒㄧㄝˇ　ㄩˇ　ㄒㄧㄥ　ㄈㄥ,
806,休戚與共,形容彼此同甘共苦,ㄒㄧㄡ　ㄑㄧ　ㄩˇ　ㄍㄨㄥˋ,
807,閒言碎語,沒有根據的話,ㄒㄧㄢˊ　ㄧㄢˊ　ㄙㄨㄟˋ　ㄩˇ,
808,心力交瘁,比喻非常勞苦,ㄒㄧㄣ　ㄌㄧˋ　ㄐㄧㄠ　ㄘㄨㄟˋ,
809,心領神會,不必經由言行的表達，心裡已明白,ㄒㄧㄣ　ㄌㄧㄥˇ　ㄕㄣˊ　ㄏㄨㄟˋ,
810,心亂如麻,心緒紛雜如亂麻般毫無頭緒,ㄒㄧㄣ　ㄌㄨㄢˋ　ㄖㄨˊ　ㄇㄚˊ,
811,心懷鬼胎,心中藏有不可告人的念頭,ㄒㄧㄣ　ㄏㄨㄞˊ　ㄍㄨㄟˇ　ㄊㄞ,
812,心驚膽戰,形容十分驚慌害怕,ㄒㄧㄣ　ㄐㄧㄥ　ㄉㄢˇ　ㄓㄢˋ,
813,心心相印,比喻彼此心意互通,ㄒㄧㄣ　ㄒㄧㄣ　ㄒㄧㄤ　ㄧㄣˋ,
814,心馳神往,心神專注、嚮往於事物上,ㄒㄧㄣ　ㄔˊ　ㄕㄣˊ　ㄨㄤˇ,
815,心有餘悸,危險的事雖已過去，但回想起仍感到害怕,ㄒㄧㄣ　ㄧㄡˇ　ㄩˊ　ㄐㄧˋ,
816,心猿意馬,比喻心思不專注集中,ㄒㄧㄣ　ㄩㄢˊ　ㄧˋ　ㄇㄚˇ,
817,信口開河,指不加思索地隨口說出,ㄒㄧㄣˋ　ㄎㄡˇ　ㄎㄞ　ㄏㄜˊ,
818,相視而笑,互相看著對方而發出會心的一笑,ㄒㄧㄤ　ㄕˋ　ㄦˊ　ㄒㄧㄠˋ,
819,想方設法,設想各種方法以達到目的,ㄒㄧㄤˇ　ㄈㄤ　ㄕㄜˋ　ㄈㄚˇ,
820,興致勃勃,形容興趣濃厚,ㄒㄧㄥˋ　ㄓˋ　ㄅㄛˊ　ㄅㄛˊ,
821,學而不厭,指勤奮好學，對學問感到不滿足,ㄒㄩㄝˊ　ㄦˊ　ㄅㄨˋ　ㄧㄢˋ,
822,尋死覓活,意圖自殺,ㄒㄩㄣˊ　ㄙˇ　ㄇㄧˋ　ㄏㄨㄛˊ,
823,循序漸進,按照一定的次序與步驟逐漸推進,ㄒㄩㄣˊ　ㄒㄩˋ　ㄐㄧㄢˋ　ㄐㄧㄣˋ,
824,雄才大略,形容其人才能出眾，謀略遠大,ㄒㄩㄥˊ　ㄘㄞˊ　ㄉㄚˋ　ㄌㄩㄝˋ,
825,直諒多聞,好朋友當具有正直信實，見識淵博的條件,ㄓˊ　ㄌㄧㄤˋ　ㄉㄨㄛ　ㄨㄣˊ,
826,置若罔聞,指雖有耳聞，卻好像沒有聽到一樣不理會,ㄓˋ　ㄖㄨㄛˋ　ㄨㄤˇ　ㄨㄣˊ,
827,宅心仁厚,心地仁慈厚道,ㄓㄞˊ　ㄒㄧㄣ　ㄖㄣˊ　ㄏㄡˋ,
828,昭然若揭,形容含義或真相非常清楚，顯而易見,ㄓㄠ ㄖㄢˊ ㄖㄨㄛˋ ㄐㄧㄝ,
829,周而復始,循環不斷,ㄓㄡ　ㄦˊ　ㄈㄨˋ　ㄕˇ,
830,斬釘截鐵,形容說話辦事堅決果斷，毫不猶豫,ㄓㄢˇ　ㄉㄧㄥ　ㄐㄧㄝˊ　ㄊㄧㄝˇ,
831,戰戰兢兢,形容戒慎恐懼的樣子,ㄓㄢˋ　ㄓㄢˋ　ㄐㄧㄥ　ㄐㄧㄥ,
832,真才實學,真正的才能和學識,ㄓㄣ　ㄘㄞˊ　ㄕˊ　ㄒㄩㄝˊ,
833,枕戈待旦,殺敵報國心切，隨時準備作戰,ㄓㄣˋ　ㄍㄜ　ㄉㄞˋ　ㄉㄢˋ,
834,震耳欲聾,聲音很大，幾乎要將耳朵震聾,ㄓㄣˋ　ㄦˇ　ㄩˋ　ㄌㄨㄥˊ,
835,張牙舞爪,比喻張揚作勢，猖狂凶惡的樣子,ㄓㄤ　ㄧㄚˊ　ㄨˇ　ㄓㄠˇ,
836,爭名奪利,形容人喜好名利，唯利是圖,ㄓㄥ　ㄇㄧㄥˊ　ㄉㄨㄛˊ　ㄌㄧˋ,
837,爭分奪秒,珍惜每一分每一秒，毫不浪費,ㄓㄥ　ㄈㄣ　ㄉㄨㄛˊ　ㄇㄧㄠˇ,
838,蒸蒸日上,形容事物不斷地進步發展,ㄓㄥ　ㄓㄥ　ㄖˋ　ㄕㄤˋ,
839,捉襟見肘,比喻短缺不足、窮於應付的窘態,ㄓㄨㄛ　ㄐㄧㄣ　ㄒㄧㄢˋ　ㄓㄡˇ,
840,椎心泣血,形容哀痛到了極點,ㄓㄨㄟ　ㄒㄧㄣ　ㄑㄧˋ　ㄒㄧㄝˇ,
841,惴惴不安,形容因恐懼擔憂而心神不安寧,ㄓㄨㄟˋ　ㄓㄨㄟˋ　ㄅㄨˋ　ㄢ,
842,裝腔作勢,指故意裝出某種腔調或姿態,ㄓㄨㄤ　ㄑㄧㄤ　ㄗㄨㄛˋ　ㄕˋ,
843,裝神弄鬼,玩弄手段或花樣來欺騙他人,ㄓㄨㄤ　ㄕㄣˊ　ㄋㄨㄥˋ　ㄍㄨㄟˇ,
844,中飽私囊,以不正當的手段，從中牟利自肥,ㄓㄨㄥ　ㄅㄠˇ　ㄙ　ㄋㄤˊ,
845,忠貞不渝,忠誠堅貞，永不改變,ㄓㄨㄥ　ㄓㄣ　ㄅㄨˋ　ㄩˊ,
846,鐘鳴鼎食,形容富貴之家的奢侈豪華,ㄓㄨㄥ　ㄇㄧㄥˊ　ㄉㄧㄥˇ　ㄕˊ,
847,眾志成城,比喻團結一致，同心協力,ㄓㄨㄥˋ　ㄓˋ　ㄔㄥˊ　ㄔㄥˊ,
848,嗤之以鼻,用鼻子哼氣譏笑，表示不屑、鄙視,ㄔ　ㄓ　ㄧˇ　ㄅㄧˊ,
849,叱吒風雲,形容威風凜凜，足以左右世局,ㄔˋ　ㄓㄚˋ　ㄈㄥ　ㄩㄣˊ,
850,赤膽忠心,形容極為忠誠不二，通常對國家忠誠,ㄔˋ　ㄉㄢˇ　ㄓㄨㄥ　ㄒㄧㄣ,
851,車水馬龍,形容繁華熱鬧的景象,ㄔㄜ　ㄕㄨㄟˇ　ㄇㄚˇ　ㄌㄨㄥˊ,
852,徹頭徹尾,從頭到尾、完完全全,ㄔㄜˋ　ㄊㄡˊ　ㄔㄜˋ　ㄨㄟˇ,
853,朝雲暮雨,自然界的雲雲雨雨,ㄓㄠ　ㄩㄣˊ　ㄇㄨˋ　ㄩˇ,
854,愁眉不展,雙眉緊鎖，很憂愁的樣子,ㄔㄡˊ　ㄇㄟˊ　ㄅㄨˋ　ㄓㄢˇ,
855,愁眉苦臉,形容憂傷、愁苦的神色,ㄔㄡˊ　ㄇㄟˊ　ㄎㄨˇ　ㄌㄧㄢˇ,
856,陳腔濫調,陳腐而缺乏新意的論調,ㄔㄣˊ　ㄑㄧㄤ　ㄌㄢˋ　ㄉㄧㄠˋ,
857,稱心如意,非常合乎心意,ㄔㄥˋ　ㄒㄧㄣ　ㄖㄨˊ　ㄧˋ,
858,瞠目結舌,形容吃驚、受窘的樣子,ㄔㄥ　ㄇㄨˋ　ㄐㄧㄝˊ　ㄕㄜˊ,
859,成人之美,成全別人的好事,ㄔㄥˊ　ㄖㄣˊ　ㄓ　ㄇㄟˇ,
860,承前啟後,承繼前人的遺教，開啟後來的事業,ㄔㄥˊ　ㄑㄧㄢˊ　ㄑㄧˇ　ㄏㄡˋ,
861,承上啟下,表示連接上下的意思,ㄔㄥˊ　ㄕㄤˋ　ㄑㄧˇ　ㄒㄧㄚˋ,
862,程門立雪,用以比喻尊敬師長和虔誠向學,ㄔㄥˊ　ㄇㄣˊ　ㄌㄧˋ　ㄒㄩㄝˇ,
863,懲前毖後,以從前的過失為教訓，戒慎自己,ㄔㄥˊ　ㄑㄧㄢˊ　ㄅㄧˋ　ㄏㄡˋ,
864,除舊更新,去除舊的，換成新的,ㄔㄨˊ　ㄐㄧㄡˋ　ㄍㄥ　ㄒㄧㄣ,
865,怵目驚心,形容十分恐怖,ㄔㄨˋ　ㄇㄨˋ　ㄐㄧㄥ　ㄒㄧㄣ,
866,綽綽有餘,各方面非常寬裕，足以應付所需,ㄔㄨㄛˋ　ㄔㄨㄛˋ　ㄧㄡˇ　ㄩˊ,
867,垂涎三尺,比喻看見別人的東西極想據為己有,ㄔㄨㄟˊ　ㄒㄧㄢˊ　ㄙㄢ　ㄔˇ,
868,春暖花開,早春薄寒，侵人肌骨,ㄔㄨㄣ　ㄋㄨㄢˇ　ㄏㄨㄚ　ㄎㄞ,
869,充耳不聞,塞住耳朵，裝作沒聽見,ㄔㄨㄥ ㄦˇ ㄅㄨˋ ㄨㄣˊ,
870,椿萱並茂,比喻父母都健在,ㄔㄨㄣ　ㄒㄩㄢ　ㄅㄧㄥˋ　ㄇㄠˋ,
871,蠢蠢欲動,比喻人意圖為害作亂,ㄔㄨㄣˇ　ㄔㄨㄣˇ　ㄩˋ　ㄉㄨㄥˋ,
872,尸位素餐,指空居職位享受俸祿而不盡職守,ㄕ　ㄨㄟˋ　ㄙㄨˋ　ㄘㄢ,
873,拾人牙慧,比喻蹈襲他人的言論或主張,ㄕˊ　ㄖㄣˊ　ㄧㄚˊ　ㄏㄨㄟˋ,
874,時乖命蹇,時運不濟，處境困難、不順利,ㄕˊ　ㄍㄨㄞ　ㄇㄧㄥˋ　ㄐㄧㄢˇ,
875,恃才傲物,依仗本身有才幹而驕傲自大，目空一切,ㄕˋ　ㄘㄞˊ　ㄠˋ　ㄨˋ,
876,視若無睹,形容對事物毫不注意,ㄕˋ　ㄖㄨㄛˋ　ㄨˊ　ㄉㄨˇ,
877,舌粲蓮花,形容口才好,ㄕㄜˊ　ㄘㄢˋ　ㄌㄧㄢˊ　ㄏㄨㄚ,
878,守正不阿,做人處事堅守正道，公正無私,ㄕㄡˇ　ㄓㄥˋ　ㄅㄨˋ　ㄜ,
879,瘦骨嶙峋,形容人身體枯瘦、骨骼突出可見,ㄕㄡˋ　ㄍㄨˇ　ㄌㄧㄣˊ　ㄒㄩㄣˊ,
880,生殺予奪,比喻人切身的一切事情,ㄕㄥ　ㄕㄚ　ㄩˇ　ㄉㄨㄛˊ,
881,鼠肚雞腸,比喻心胸狹窄，度量小,ㄕㄨˇ　ㄉㄨˋ　ㄐㄧ　ㄔㄤˊ,
882,水乳交融,比喻彼此關係密切，契合無間,ㄕㄨㄟˇ　ㄖㄨˇ　ㄐㄧㄠ　ㄖㄨㄥˊ,
883,葉公好龍,所好似是而非，以致表裡不一，有名無實,ㄕㄜˋ　ㄍㄨㄥ　ㄏㄠˋ　ㄌㄨㄥˊ,
884,人跡罕至,很少有人去的地方，指偏僻荒涼的地方,ㄖㄣˊ　ㄐㄧ　ㄏㄢˇ　ㄓˋ,
885,仁人志士,稱有德行、有志向願為理想奉獻,ㄖㄣˊ　ㄖㄣˊ　ㄓˋ　ㄕˋ,
886,如雷貫耳,比喻人名氣很大，眾所共聞,ㄖㄨˊ　ㄌㄟˊ　ㄍㄨㄢˋ　ㄦˇ,
887,如火如荼,形容事物的興盛或氣氛的熱烈,ㄖㄨˊ　ㄏㄨㄛˇ　ㄖㄨˊ　ㄊㄨˊ,
888,孜孜矻矻,勤勞努力不懈怠,ㄗ　ㄗ　ㄎㄨˋ　ㄎㄨˋ,
889,錙銖必較,連很少的錢或事情都非常計較,ㄗ　ㄓㄨ　ㄅㄧˋ　ㄐㄧㄠˋ,
890,自慚形穢,因容貌儀態不如別人而感覺羞愧,ㄗˋ　ㄘㄢˊ　ㄒㄧㄥˊ　ㄏㄨㄟˋ,
891,自圓其說,自行解釋自己牽強矛盾的說法，使無破綻,ㄗˋ　ㄩㄢˊ　ㄑㄧˊ　ㄕㄨㄛ,
892,作威作福,指仗著權勢欺壓別人,ㄗㄨㄛˋ　ㄨㄟ　ㄗㄨㄛˋ　ㄈㄨˊ,
893,座無虛席,形容來訪或出席的人甚多,ㄗㄨㄛˋ　ㄨˊ　ㄒㄩ　ㄒㄧˊ,
894,總角之交,從小便相契要好的朋友,ㄗㄨㄥˇ　ㄐㄩㄝˊ　ㄓ　ㄐㄧㄠ,
895,此起彼伏,形容連續不斷,ㄘˇ　ㄑㄧˇ　ㄅㄧˇ　ㄈㄨˊ,
896,惻隱之心,同情憐憫之心,ㄘㄜˋ　ㄧㄣˇ　ㄓ　ㄒㄧㄣ,
897,才疏學淺,才能駑下，學識淺薄,ㄘㄞˊ　ㄕㄨ　ㄒㄩㄝˊ　ㄑㄧㄢˇ,
898,草菅人命,比喻輕視人命，任意加以殘害,ㄘㄠˇ　ㄐㄧㄢ　ㄖㄣˊ　ㄇㄧㄥˋ,
899,滄海一粟,比喻渺小而微不足道,ㄘㄤ　ㄏㄞˇ　ㄧˊ　ㄙㄨˋ,
900,從善如流,比喻樂於接受別人好的意見,ㄘㄨㄥˊ　ㄕㄢˋ　ㄖㄨˊ　ㄌㄧㄡˊ,
901,絲絲入扣,比喻緊湊合度，毫無出入,ㄙ　ㄙ　ㄖㄨˋ　ㄎㄡˋ,
902,四平八穩,比喻言語、行事穩當可靠,ㄙˋ　ㄆㄧㄥˊ　ㄅㄚ　ㄨㄣˇ,
903,肆無忌憚,形容人恣意妄為，毫無顧忌,ㄙˋ　ㄨˊ　ㄐㄧˋ　ㄉㄢˋ,
904,三緘其口,形容說話謹慎或不說話,ㄙㄢ　ㄐㄧㄢ　ㄑㄧˊ　ㄎㄡˇ,
905,索然無味,無聊乏味、沒有意思,ㄙㄨㄛˇ　ㄖㄢˊ　ㄨˊ　ㄨㄟˋ,
906,一飯千金,比喻報恩隆厚,ㄧ　ㄈㄢˋ　ㄑㄧㄢ　ㄐㄧㄣ,
907,一鱗半爪,比喻零星片段的事物,ㄧ　ㄌㄧㄣˊ　ㄅㄢˋ　ㄓㄨㄚˇ,
908,一瀉千里,比喻文筆流暢，或比喻快速下降,ㄧˊ　ㄒㄧㄝˋ　ㄑㄧㄢ　ㄌㄧˇ,
909,一籌莫展,比喻毫無辦法,ㄧˋ　ㄔㄡˊ　ㄇㄛˋ　ㄓㄢˇ,
910,一日之雅,比喻交情不深,ㄧ　ㄖˋ　ㄓ　ㄧㄚˇ,
911,怡情悅性,怡悅、陶養性情,ㄧˊ　ㄑㄧㄥˊ　ㄩㄝˋ　ㄒㄧㄥˋ,
912,貽笑大方,被識見廣博或精通此道的內行人所譏笑,ㄧˊ　ㄒㄧㄠˋ　ㄉㄚˋ　ㄈㄤ,
913,遺珠之憾,人才被埋沒或珍貴事物湮滅消失的遺憾,ㄧˊ　ㄓㄨ　ㄓ　ㄏㄢˋ,
914,異曲同工,比喻不同人的辭章或言論同樣精彩,ㄧˋ　ㄑㄩˇ　ㄊㄨㄥˊ　ㄍㄨㄥ,
915,義憤填膺,指胸中充滿因正義而激起的憤怒,ㄧˋ　ㄈㄣˋ　ㄊㄧㄢˊ　ㄧㄥ,
916,啞然失笑,情不自禁的發出笑聲,ㄜˋ　ㄖㄢˊ　ㄕ　ㄒㄧㄠˋ,
917,有備無患,事先有準備，即可免除後患,ㄧㄡˇ　ㄅㄟˋ　ㄨˊ　ㄏㄨㄢˋ,
918,有名無實,指虛有其名而無實際內容,ㄧㄡˇ　ㄇㄧㄥˊ　ㄨˊ　ㄕˊ,
919,有利可圖,有利益可以謀取,ㄧㄡˇ　ㄌㄧˋ　ㄎㄜˇ　ㄊㄨˊ,
920,有眼無珠,比喻缺乏辨別能力,ㄧㄡˇ　ㄧㄢˇ　ㄨˊ　ㄓㄨ,
921,奄奄一息,形容生命已到了最後時刻,ㄧㄢ　ㄧㄢ　ㄧˋ　ㄒㄧˊ,
922,煙消雲散,比喻事物如煙雲消散盡淨,ㄧㄢ　ㄒㄧㄠ　ㄩㄣˊ　ㄙㄢˋ,
923,偃旗息鼓,比喻事情中斷或聲勢減弱,ㄧㄢˇ　ㄑㄧˊ　ㄒㄧˊ　ㄍㄨˇ,
924,因陋就簡,因循或遷就簡陋的現實環境去做事,ㄧㄣ　ㄌㄡˋ　ㄐㄧㄡˋ　ㄐㄧㄢˇ,
925,引經據典,引用經書典籍做為說話、作文依據,ㄧㄣˇ　ㄐㄧㄥ　ㄐㄩˋ　ㄉㄧㄢˇ,
926,羊腸小徑,形容狹窄曲折的小路,ㄧㄤˊ　ㄔㄤˊ　ㄒㄧㄠˇ　ㄐㄧㄥˋ,
927,洋洋大觀,豐富而多采,ㄧㄤˊ　ㄧㄤˊ　ㄉㄚˋ　ㄍㄨㄢ,
928,應接不暇,比喻事情繁忙，難以應付,ㄧㄥˋ　ㄐㄧㄝ　ㄅㄨˋ　ㄒㄧㄚˊ,
929,郢書燕說,比喻穿鑿附會，扭曲原意,ㄧㄥˇ　ㄕㄨ　ㄧㄢ　ㄕㄨㄛ,
930,烏煙瘴氣,形容環境汙穢不潔,ㄨ　ㄧㄢ　ㄓㄤˋ　ㄑㄧˋ,
931,無疾而終,半途而廢、不了了之,ㄨˊ　ㄐㄧˊ　ㄦˊ　ㄓㄨㄥ,
932,無所顧忌,什麼都不懼怕顧忌,ㄨˊ　ㄙㄨㄛˇ　ㄍㄨˋ　ㄐㄧˋ,
933,無往不利,做每件事都很順利,ㄨˊ　ㄨㄤˇ　ㄅㄨˋ　ㄌㄧˋ,
934,臥薪嘗膽,比喻刻苦自勵，發奮圖強,ㄨㄛˋ　ㄒㄧㄣ　ㄔㄤˊ　ㄉㄢˇ,
935,威風凜凜,威武的氣概逼人，令人敬畏的樣子,ㄨㄟ　ㄈㄥ　ㄌㄧㄣˇ　ㄌㄧㄣˇ,
936,威武不屈,面對權勢壓迫，亦堅貞不屈,ㄨㄟ　ㄨˇ　ㄅㄨˋ　ㄑㄩ,
937,危機四伏,到處隱藏著危險,ㄨㄟˊ　ㄐㄧ　ㄙˋ　ㄈㄨˊ,
938,唯妙唯肖,模仿得精細巧妙，逼真傳神,ㄨㄟˊ　ㄇㄧㄠˋ　ㄨㄟˊ　ㄒㄧㄠˋ,
939,唯我獨尊,形容人高傲自大，目空一切,ㄨㄟˊ　ㄨㄛˇ　ㄉㄨˊ　ㄗㄨㄣ,
940,未雨綢繆,比喻事先預備以防患未然,ㄨㄟˋ　ㄩˇ　ㄔㄡˊ　ㄇㄡˊ,
941,完璧歸趙,比喻物歸原主,ㄨㄢˊ　ㄅㄧˋ　ㄍㄨㄟ　ㄓㄠˋ,
942,刎頸之交,比喻可同生共死的至交好友,ㄨㄣˇ　ㄐㄧㄥˇ　ㄓ　ㄐㄧㄠ,
943,妄自尊大,狂妄地自尊自大,ㄨㄤˋ　ㄗˋ　ㄗㄨㄣ　ㄉㄚˋ,
944,迂迴曲折,彎彎曲曲，回旋環繞的樣子,ㄩ　ㄏㄨㄟˊ　ㄑㄩ　ㄓㄜˊ,
945,予取予求,比喻任意取求，需索無度,ㄩˊ　ㄑㄩˇ　ㄩˊ　ㄑㄧㄡˊ,
946,雨後春筍,比喻事物在某一時期新生之後，迅速發展,ㄩˇ　ㄏㄡˋ　ㄔㄨㄣ　ㄙㄨㄣˇ,
947,遠交近攻,親睦遠國，攻伐近鄰的外交手段,ㄩㄢˇ　ㄐㄧㄠ　ㄐㄧㄣˋ　ㄍㄨㄥ,
948,額手稱慶,舉手齊額，表示慶賀、高興,ㄜˊ　ㄕㄡˇ　ㄔㄥ　ㄑㄧㄥˋ,
949,餓虎撲羊,形容動作迅速且凶猛的樣子,ㄜˋ　ㄏㄨˇ　ㄆㄨ　ㄧㄤˊ,
950,黯淡無光,昏暗而不明亮,ㄢˋ　ㄉㄢˋ　ㄨˊ　ㄍㄨㄤ,
951,昂首闊步,形容精神飽滿，勇往直前,ㄤˊ　ㄕㄡˇ　ㄎㄨㄛˋ　ㄅㄨˋ,
952,爾虞我詐,彼此互相詐騙,ㄦˇ　ㄩˊ　ㄨㄛˇ　ㄓㄚˋ,
